generation_id,episode,scene,role,cue_id,prompt,reference_assets,aspect,do_not_use_as_evidence,status
IMG01,EP02,1,MAIN,EP02_V_003,"Cinematic investigative documentary reconstruction, late-20th-century research atmosphere, deep blue-black and graphite shadows, warm practical tungsten lamps, restrained cyan technical accents, tactile paper, brushed metal and glass, realistic optics, subtle film grain, sober mysterious mood, no fantasy magic, no supernatural glow, no text, no logos, no watermark, no synthetic portrait of a named real person, 16:9. Compose one strong documentary still that can hold 5-8 seconds with a subtle push-in. SUBJECT: anonymous Army intelligence officer in 1983 reading a thick assessment file at a plain government desk, face not identifiable. NARRATION BEAT TO MATCH: einen ungewöhnlichen Auftrag bekommen: Er sollte die sogenannte Gateway Experience beurteilen — ihre Mechanik. Keep the image semantically aligned to this exact beat; do not introduce claims not present in the narration. Avoid: occult cliché, tarot props, glowing chakras, neon sci-fi, cyberpunk, horror monster imagery, conspiracy corkboard, readable fake documents, modern consumer electronics unless requested, deformed hands, extra fingers, text artifacts.",G01; G09,16:9,YES,GENERATE
IMG02,EP02,1,MAIN,EP02_V_008,"Cinematic investigative documentary reconstruction, late-20th-century research atmosphere, deep blue-black and graphite shadows, warm practical tungsten lamps, restrained cyan technical accents, tactile paper, brushed metal and glass, realistic optics, subtle film grain, sober mysterious mood, no fantasy magic, no supernatural glow, no text, no logos, no watermark, no synthetic portrait of a named real person, 16:9. Compose one strong documentary still that can hold 5-8 seconds with a subtle push-in. SUBJECT: anonymous Army intelligence officer in 1983 reading a thick assessment file at a plain government desk, face not identifiable. NARRATION BEAT TO MATCH: solche Zustände zur Informationsgewinnung nutzbar sein könnten. Die Akte existiert. Aber was genau beweist sie?. Keep the image semantically aligned to this exact beat; do not introduce claims not present in the narration. Avoid: occult cliché, tarot props, glowing chakras, neon sci-fi, cyberpunk, horror monster imagery, conspiracy corkboard, readable fake documents, modern consumer electronics unless requested, deformed hands, extra fingers, text artifacts.",G01; G09,16:9,YES,GENERATE
IMG03,EP02,2,MAIN,EP02_V_009,"Cinematic investigative documentary reconstruction, late-20th-century research atmosphere, deep blue-black and graphite shadows, warm practical tungsten lamps, restrained cyan technical accents, tactile paper, brushed metal and glass, realistic optics, subtle film grain, sober mysterious mood, no fantasy magic, no supernatural glow, no text, no logos, no watermark, no synthetic portrait of a named real person, 16:9. Compose one strong documentary still that can hold 5-8 seconds with a subtle push-in. SUBJECT: provenance flow: Monroe Institute -> Army/USAINSCOM assessment -> later CIA FOIA archive copy. NARRATION BEAT TO MATCH: Im Internet wird das Dokument oft als „CIA Gateway Process“ bezeichnet. Das. Keep the image semantically aligned to this exact beat; do not introduce claims not present in the narration. Avoid: occult cliché, tarot props, glowing chakras, neon sci-fi, cyberpunk, horror monster imagery, conspiracy corkboard, readable fake documents, modern consumer electronics unless requested, deformed hands, extra fingers, text artifacts.",G01; G09,16:9,YES,GENERATE
IMG04,EP02,2,MAIN,EP02_V_011,"Cinematic investigative documentary reconstruction, late-20th-century research atmosphere, deep blue-black and graphite shadows, warm practical tungsten lamps, restrained cyan technical accents, tactile paper, brushed metal and glass, realistic optics, subtle film grain, sober mysterious mood, no fantasy magic, no supernatural glow, no text, no logos, no watermark, no synthetic portrait of a named real person, 16:9. Compose one strong documentary still that can hold 5-8 seconds with a subtle push-in. SUBJECT: anonymous adult military analyst listening to audio headphones in a small 1980s office, no identifiable person. NARRATION BEAT TO MATCH: selbst trägt aber den Briefkopf des Department of the Army, U.S. Army. Keep the image semantically aligned to this exact beat; do not introduce claims not present in the narration. Avoid: occult cliché, tarot props, glowing chakras, neon sci-fi, cyberpunk, horror monster imagery, conspiracy corkboard, readable fake documents, modern consumer electronics unless requested, deformed hands, extra fingers, text artifacts.",G01; G09,16:9,YES,GENERATE
IMG05,EP02,2,MAIN,EP02_V_013,"Cinematic investigative documentary reconstruction, late-20th-century research atmosphere, deep blue-black and graphite shadows, warm practical tungsten lamps, restrained cyan technical accents, tactile paper, brushed metal and glass, realistic optics, subtle film grain, sober mysterious mood, no fantasy magic, no supernatural glow, no text, no logos, no watermark, no synthetic portrait of a named real person, 16:9. Compose one strong documentary still that can hold 5-8 seconds with a subtle push-in. SUBJECT: myth correction graphic: CIA archive copy is not the same as CIA-authored technique. NARRATION BEAT TO MATCH: Kommandeur, er sei beauftragt worden, Gateway hinsichtlich Mechanik und praktischer Verwendbarkeit einzuschätzen.. Keep the image semantically aligned to this exact beat; do not introduce claims not present in the narration. Avoid: occult cliché, tarot props, glowing chakras, neon sci-fi, cyberpunk, horror monster imagery, conspiracy corkboard, readable fake documents, modern consumer electronics unless requested, deformed hands, extra fingers, text artifacts.",G01; G09,16:9,YES,GENERATE
IMG06,EP02,2,MAIN,EP02_V_014,"Cinematic investigative documentary reconstruction, late-20th-century research atmosphere, deep blue-black and graphite shadows, warm practical tungsten lamps, restrained cyan technical accents, tactile paper, brushed metal and glass, realistic optics, subtle film grain, sober mysterious mood, no fantasy magic, no supernatural glow, no text, no logos, no watermark, no synthetic portrait of a named real person, 16:9. Compose one strong documentary still that can hold 5-8 seconds with a subtle push-in. SUBJECT: provenance flow: Monroe Institute -> Army/USAINSCOM assessment -> later CIA FOIA archive copy. NARRATION BEAT TO MATCH: Das ist schon bemerkenswert genug. Man muss daraus kein geheimes CIA-Programm erfinden.. Keep the image semantically aligned to this exact beat; do not introduce claims not present in the narration. Avoid: occult cliché, tarot props, glowing chakras, neon sci-fi, cyberpunk, horror monster imagery, conspiracy corkboard, readable fake documents, modern consumer electronics unless requested, deformed hands, extra fingers, text artifacts.",G01; G09,16:9,YES,GENERATE
IMG07,EP02,2,MAIN,EP02_V_016,"Cinematic investigative documentary reconstruction, late-20th-century research atmosphere, deep blue-black and graphite shadows, warm practical tungsten lamps, restrained cyan technical accents, tactile paper, brushed metal and glass, realistic optics, subtle film grain, sober mysterious mood, no fantasy magic, no supernatural glow, no text, no logos, no watermark, no synthetic portrait of a named real person, 16:9. Compose one strong documentary still that can hold 5-8 seconds with a subtle push-in. SUBJECT: anonymous adult military analyst listening to audio headphones in a small 1980s office, no identifiable person. NARRATION BEAT TO MATCH: unterschiedliche Töne beziehungsweise auditive Muster nutzten, um veränderte Zustände zu erleichtern. Der. Keep the image semantically aligned to this exact beat; do not introduce claims not present in the narration. Avoid: occult cliché, tarot props, glowing chakras, neon sci-fi, cyberpunk, horror monster imagery, conspiracy corkboard, readable fake documents, modern consumer electronics unless requested, deformed hands, extra fingers, text artifacts.",G01; G09,16:9,YES,GENERATE
IMG08,EP02,2,MAIN,EP02_V_018,"Cinematic investigative documentary reconstruction, late-20th-century research atmosphere, deep blue-black and graphite shadows, warm practical tungsten lamps, restrained cyan technical accents, tactile paper, brushed metal and glass, realistic optics, subtle film grain, sober mysterious mood, no fantasy magic, no supernatural glow, no text, no logos, no watermark, no synthetic portrait of a named real person, 16:9. Compose one strong documentary still that can hold 5-8 seconds with a subtle push-in. SUBJECT: myth correction graphic: CIA archive copy is not the same as CIA-authored technique. NARRATION BEAT TO MATCH: Und genau hier wird das Dokument gleichzeitig faszinierend und gefährlich leicht misszuverstehen.. Keep the image semantically aligned to this exact beat; do not introduce claims not present in the narration. Avoid: occult cliché, tarot props, glowing chakras, neon sci-fi, cyberpunk, horror monster imagery, conspiracy corkboard, readable fake documents, modern consumer electronics unless requested, deformed hands, extra fingers, text artifacts.",G01; G09,16:9,YES,GENERATE
IMG09,EP02,3,MAIN,EP02_V_019,"Cinematic investigative documentary reconstruction, late-20th-century research atmosphere, deep blue-black and graphite shadows, warm practical tungsten lamps, restrained cyan technical accents, tactile paper, brushed metal and glass, realistic optics, subtle film grain, sober mysterious mood, no fantasy magic, no supernatural glow, no text, no logos, no watermark, no synthetic portrait of a named real person, 16:9. Compose one strong documentary still that can hold 5-8 seconds with a subtle push-in. SUBJECT: stereo audio diagram: left ear frequency, right ear frequency, perceived difference beat in center. NARRATION BEAT TO MATCH: Der Ausgangspunkt ist weniger exotisch als der Rest. Bei binauralen. Keep the image semantically aligned to this exact beat; do not introduce claims not present in the narration. Avoid: occult cliché, tarot props, glowing chakras, neon sci-fi, cyberpunk, horror monster imagery, conspiracy corkboard, readable fake documents, modern consumer electronics unless requested, deformed hands, extra fingers, text artifacts.",G01,16:9,YES,GENERATE
IMG10,EP02,3,MAIN,EP02_V_020,"Cinematic investigative documentary reconstruction, late-20th-century research atmosphere, deep blue-black and graphite shadows, warm practical tungsten lamps, restrained cyan technical accents, tactile paper, brushed metal and glass, realistic optics, subtle film grain, sober mysterious mood, no fantasy magic, no supernatural glow, no text, no logos, no watermark, no synthetic portrait of a named real person, 16:9. Compose one strong documentary still that can hold 5-8 seconds with a subtle push-in. SUBJECT: adult participant wearing period-correct over-ear headphones in a dim but clinical room, no mystical glow. NARRATION BEAT TO MATCH: Beats hören linkes und rechtes Ohr leicht unterschiedliche Frequenzen. Das. Keep the image semantically aligned to this exact beat; do not introduce claims not present in the narration. Avoid: occult cliché, tarot props, glowing chakras, neon sci-fi, cyberpunk, horror monster imagery, conspiracy corkboard, readable fake documents, modern consumer electronics unless requested, deformed hands, extra fingers, text artifacts.",G01,16:9,YES,GENERATE
IMG11,EP02,3,MAIN,EP02_V_021,"Cinematic investigative documentary reconstruction, late-20th-century research atmosphere, deep blue-black and graphite shadows, warm practical tungsten lamps, restrained cyan technical accents, tactile paper, brushed metal and glass, realistic optics, subtle film grain, sober mysterious mood, no fantasy magic, no supernatural glow, no text, no logos, no watermark, no synthetic portrait of a named real person, 16:9. Compose one strong documentary still that can hold 5-8 seconds with a subtle push-in. SUBJECT: macro close-up of analog stereo headphones and reel/cassette audio equipment, 1980s plausible. NARRATION BEAT TO MATCH: Gehirn kann daraus einen rhythmischen Eindruck erzeugen, der der Frequenzdifferenz. Keep the image semantically aligned to this exact beat; do not introduce claims not present in the narration. Avoid: occult cliché, tarot props, glowing chakras, neon sci-fi, cyberpunk, horror monster imagery, conspiracy corkboard, readable fake documents, modern consumer electronics unless requested, deformed hands, extra fingers, text artifacts.",G01,16:9,YES,GENERATE
IMG12,EP02,3,MAIN,EP02_V_022,"Cinematic investigative documentary reconstruction, late-20th-century research atmosphere, deep blue-black and graphite shadows, warm practical tungsten lamps, restrained cyan technical accents, tactile paper, brushed metal and glass, realistic optics, subtle film grain, sober mysterious mood, no fantasy magic, no supernatural glow, no text, no logos, no watermark, no synthetic portrait of a named real person, 16:9. Compose one strong documentary still that can hold 5-8 seconds with a subtle push-in. SUBJECT: waveform animation still showing two sine waves and difference frequency, clean technical design. NARRATION BEAT TO MATCH: entspricht. Solche auditiven Beat-Verfahren werden bis heute auf Effekte wie. Keep the image semantically aligned to this exact beat; do not introduce claims not present in the narration. Avoid: occult cliché, tarot props, glowing chakras, neon sci-fi, cyberpunk, horror monster imagery, conspiracy corkboard, readable fake documents, modern consumer electronics unless requested, deformed hands, extra fingers, text artifacts.",G01,16:9,YES,GENERATE
IMG13,EP02,3,MAIN,EP02_V_023,"Cinematic investigative documentary reconstruction, late-20th-century research atmosphere, deep blue-black and graphite shadows, warm practical tungsten lamps, restrained cyan technical accents, tactile paper, brushed metal and glass, realistic optics, subtle film grain, sober mysterious mood, no fantasy magic, no supernatural glow, no text, no logos, no watermark, no synthetic portrait of a named real person, 16:9. Compose one strong documentary still that can hold 5-8 seconds with a subtle push-in. SUBJECT: anonymous observer logging participant responses while audio plays, separated desk. NARRATION BEAT TO MATCH: Aufmerksamkeit, Angst oder Schmerz untersucht. Gateway macht daraus mehr als. Keep the image semantically aligned to this exact beat; do not introduce claims not present in the narration. Avoid: occult cliché, tarot props, glowing chakras, neon sci-fi, cyberpunk, horror monster imagery, conspiracy corkboard, readable fake documents, modern consumer electronics unless requested, deformed hands, extra fingers, text artifacts.",G01,16:9,YES,GENERATE
IMG14,EP02,3,MAIN,EP02_V_024,"Cinematic investigative documentary reconstruction, late-20th-century research atmosphere, deep blue-black and graphite shadows, warm practical tungsten lamps, restrained cyan technical accents, tactile paper, brushed metal and glass, realistic optics, subtle film grain, sober mysterious mood, no fantasy magic, no supernatural glow, no text, no logos, no watermark, no synthetic portrait of a named real person, 16:9. Compose one strong documentary still that can hold 5-8 seconds with a subtle push-in. SUBJECT: stereo audio diagram: left ear frequency, right ear frequency, perceived difference beat in center. NARRATION BEAT TO MATCH: nur Entspannung. Im Bericht werden verschiedene Focus-Zustände beschrieben: Stufen zunehmend. Keep the image semantically aligned to this exact beat; do not introduce claims not present in the narration. Avoid: occult cliché, tarot props, glowing chakras, neon sci-fi, cyberpunk, horror monster imagery, conspiracy corkboard, readable fake documents, modern consumer electronics unless requested, deformed hands, extra fingers, text artifacts.",G01,16:9,YES,GENERATE
IMG15,EP02,3,MAIN,EP02_V_025,"Cinematic investigative documentary reconstruction, late-20th-century research atmosphere, deep blue-black and graphite shadows, warm practical tungsten lamps, restrained cyan technical accents, tactile paper, brushed metal and glass, realistic optics, subtle film grain, sober mysterious mood, no fantasy magic, no supernatural glow, no text, no logos, no watermark, no synthetic portrait of a named real person, 16:9. Compose one strong documentary still that can hold 5-8 seconds with a subtle push-in. SUBJECT: adult participant wearing period-correct over-ear headphones in a dim but clinical room, no mystical glow. NARRATION BEAT TO MATCH: veränderter Aufmerksamkeit. McDonnell diskutiert, wie Audio, Entspannung, Suggestion und Training den. Keep the image semantically aligned to this exact beat; do not introduce claims not present in the narration. Avoid: occult cliché, tarot props, glowing chakras, neon sci-fi, cyberpunk, horror monster imagery, conspiracy corkboard, readable fake documents, modern consumer electronics unless requested, deformed hands, extra fingers, text artifacts.",G01,16:9,YES,GENERATE
IMG16,EP02,3,MAIN,EP02_V_026,"Cinematic investigative documentary reconstruction, late-20th-century research atmosphere, deep blue-black and graphite shadows, warm practical tungsten lamps, restrained cyan technical accents, tactile paper, brushed metal and glass, realistic optics, subtle film grain, sober mysterious mood, no fantasy magic, no supernatural glow, no text, no logos, no watermark, no synthetic portrait of a named real person, 16:9. Compose one strong documentary still that can hold 5-8 seconds with a subtle push-in. SUBJECT: macro close-up of analog stereo headphones and reel/cassette audio equipment, 1980s plausible. NARRATION BEAT TO MATCH: Teilnehmer Schritt für Schritt in diese Zustände bringen sollen. Bis. Keep the image semantically aligned to this exact beat; do not introduce claims not present in the narration. Avoid: occult cliché, tarot props, glowing chakras, neon sci-fi, cyberpunk, horror monster imagery, conspiracy corkboard, readable fake documents, modern consumer electronics unless requested, deformed hands, extra fingers, text artifacts.",G01,16:9,YES,GENERATE
IMG17,EP02,3,MAIN,EP02_V_027,"Cinematic investigative documentary reconstruction, late-20th-century research atmosphere, deep blue-black and graphite shadows, warm practical tungsten lamps, restrained cyan technical accents, tactile paper, brushed metal and glass, realistic optics, subtle film grain, sober mysterious mood, no fantasy magic, no supernatural glow, no text, no logos, no watermark, no synthetic portrait of a named real person, 16:9. Compose one strong documentary still that can hold 5-8 seconds with a subtle push-in. SUBJECT: waveform animation still showing two sine waves and difference frequency, clean technical design. NARRATION BEAT TO MATCH: hierher kann man die Geschichte noch als intensive Form von. Keep the image semantically aligned to this exact beat; do not introduce claims not present in the narration. Avoid: occult cliché, tarot props, glowing chakras, neon sci-fi, cyberpunk, horror monster imagery, conspiracy corkboard, readable fake documents, modern consumer electronics unless requested, deformed hands, extra fingers, text artifacts.",G01,16:9,YES,GENERATE
IMG18,EP02,3,MAIN,EP02_V_028,"Cinematic investigative documentary reconstruction, late-20th-century research atmosphere, deep blue-black and graphite shadows, warm practical tungsten lamps, restrained cyan technical accents, tactile paper, brushed metal and glass, realistic optics, subtle film grain, sober mysterious mood, no fantasy magic, no supernatural glow, no text, no logos, no watermark, no synthetic portrait of a named real person, 16:9. Compose one strong documentary still that can hold 5-8 seconds with a subtle push-in. SUBJECT: anonymous observer logging participant responses while audio plays, separated desk. NARRATION BEAT TO MATCH: Meditation, Entspannung und Aufmerksamkeitslenkung lesen. Dann verschiebt sich die Skala.. Keep the image semantically aligned to this exact beat; do not introduce claims not present in the narration. Avoid: occult cliché, tarot props, glowing chakras, neon sci-fi, cyberpunk, horror monster imagery, conspiracy corkboard, readable fake documents, modern consumer electronics unless requested, deformed hands, extra fingers, text artifacts.",G01,16:9,YES,GENERATE
IMG19,EP02,3,MAIN,EP02_V_029,"Cinematic investigative documentary reconstruction, late-20th-century research atmosphere, deep blue-black and graphite shadows, warm practical tungsten lamps, restrained cyan technical accents, tactile paper, brushed metal and glass, realistic optics, subtle film grain, sober mysterious mood, no fantasy magic, no supernatural glow, no text, no logos, no watermark, no synthetic portrait of a named real person, 16:9. Compose one strong documentary still that can hold 5-8 seconds with a subtle push-in. SUBJECT: stereo audio diagram: left ear frequency, right ear frequency, perceived difference beat in center. NARRATION BEAT TO MATCH: Denn Gateway soll nicht nur beeinflussen, wie sich Bewusstsein anfühlt.. Keep the image semantically aligned to this exact beat; do not introduce claims not present in the narration. Avoid: occult cliché, tarot props, glowing chakras, neon sci-fi, cyberpunk, horror monster imagery, conspiracy corkboard, readable fake documents, modern consumer electronics unless requested, deformed hands, extra fingers, text artifacts.",G01,16:9,YES,GENERATE
IMG20,EP02,3,MAIN,EP02_V_030,"Cinematic investigative documentary reconstruction, late-20th-century research atmosphere, deep blue-black and graphite shadows, warm practical tungsten lamps, restrained cyan technical accents, tactile paper, brushed metal and glass, realistic optics, subtle film grain, sober mysterious mood, no fantasy magic, no supernatural glow, no text, no logos, no watermark, no synthetic portrait of a named real person, 16:9. Compose one strong documentary still that can hold 5-8 seconds with a subtle push-in. SUBJECT: adult participant wearing period-correct over-ear headphones in a dim but clinical room, no mystical glow. NARRATION BEAT TO MATCH: Es soll die Frage öffnen, wo Bewusstsein überhaupt sein kann.. Keep the image semantically aligned to this exact beat; do not introduce claims not present in the narration. Avoid: occult cliché, tarot props, glowing chakras, neon sci-fi, cyberpunk, horror monster imagery, conspiracy corkboard, readable fake documents, modern consumer electronics unless requested, deformed hands, extra fingers, text artifacts.",G01,16:9,YES,GENERATE
IMG21,EP02,4,MAIN,EP02_V_031,"Cinematic investigative documentary reconstruction, late-20th-century research atmosphere, deep blue-black and graphite shadows, warm practical tungsten lamps, restrained cyan technical accents, tactile paper, brushed metal and glass, realistic optics, subtle film grain, sober mysterious mood, no fantasy magic, no supernatural glow, no text, no logos, no watermark, no synthetic portrait of a named real person, 16:9. Compose one strong documentary still that can hold 5-8 seconds with a subtle push-in. SUBJECT: Focus-level ladder 10/12 -> 15 -> 21, with claimed past/future boundaries labeled by editor. NARRATION BEAT TO MATCH: Im Abschnitt über Focus 15 beschreibt der Bericht. Keep the image semantically aligned to this exact beat; do not introduce claims not present in the narration. Avoid: occult cliché, tarot props, glowing chakras, neon sci-fi, cyberpunk, horror monster imagery, conspiracy corkboard, readable fake documents, modern consumer electronics unless requested, deformed hands, extra fingers, text artifacts.",G01; G02-G08,16:9,YES,GENERATE
IMG22,EP02,4,MAIN,EP02_V_032,"Cinematic investigative documentary reconstruction, late-20th-century research atmosphere, deep blue-black and graphite shadows, warm practical tungsten lamps, restrained cyan technical accents, tactile paper, brushed metal and glass, realistic optics, subtle film grain, sober mysterious mood, no fantasy magic, no supernatural glow, no text, no logos, no watermark, no synthetic portrait of a named real person, 16:9. Compose one strong documentary still that can hold 5-8 seconds with a subtle push-in. SUBJECT: adult participant reclining with headphones, eyes closed, room remains physically ordinary. NARRATION BEAT TO MATCH: einen Zustand, der mit „Travel into the Past“. Keep the image semantically aligned to this exact beat; do not introduce claims not present in the narration. Avoid: occult cliché, tarot props, glowing chakras, neon sci-fi, cyberpunk, horror monster imagery, conspiracy corkboard, readable fake documents, modern consumer electronics unless requested, deformed hands, extra fingers, text artifacts.",G01; G02-G08,16:9,YES,GENERATE
IMG23,EP02,4,MAIN,EP02_V_033,"Cinematic investigative documentary reconstruction, late-20th-century research atmosphere, deep blue-black and graphite shadows, warm practical tungsten lamps, restrained cyan technical accents, tactile paper, brushed metal and glass, realistic optics, subtle film grain, sober mysterious mood, no fantasy magic, no supernatural glow, no text, no logos, no watermark, no synthetic portrait of a named real person, 16:9. Compose one strong documentary still that can hold 5-8 seconds with a subtle push-in. SUBJECT: conceptual time corridor made from layered translucent frames, no magical portal, explicitly metaphorical. NARRATION BEAT TO MATCH: überschrieben ist. McDonnell schildert eine weitere Ausdehnung des Bewusstseins. Keep the image semantically aligned to this exact beat; do not introduce claims not present in the narration. Avoid: occult cliché, tarot props, glowing chakras, neon sci-fi, cyberpunk, horror monster imagery, conspiracy corkboard, readable fake documents, modern consumer electronics unless requested, deformed hands, extra fingers, text artifacts.",G01; G02-G08,16:9,YES,GENERATE
IMG24,EP02,4,MAIN,EP02_V_035,"Cinematic investigative documentary reconstruction, late-20th-century research atmosphere, deep blue-black and graphite shadows, warm practical tungsten lamps, restrained cyan technical accents, tactile paper, brushed metal and glass, realistic optics, subtle film grain, sober mysterious mood, no fantasy magic, no supernatural glow, no text, no logos, no watermark, no synthetic portrait of a named real person, 16:9. Compose one strong documentary still that can hold 5-8 seconds with a subtle push-in. SUBJECT: split conceptual image of remembered past and imagined future around a still seated participant. NARRATION BEAT TO MATCH: dabei als großes Rad visualisiert, dessen Speichen Zugang. Keep the image semantically aligned to this exact beat; do not introduce claims not present in the narration. Avoid: occult cliché, tarot props, glowing chakras, neon sci-fi, cyberpunk, horror monster imagery, conspiracy corkboard, readable fake documents, modern consumer electronics unless requested, deformed hands, extra fingers, text artifacts.",G01; G02-G08,16:9,YES,GENERATE
IMG25,EP02,4,MAIN,EP02_V_036,"Cinematic investigative documentary reconstruction, late-20th-century research atmosphere, deep blue-black and graphite shadows, warm practical tungsten lamps, restrained cyan technical accents, tactile paper, brushed metal and glass, realistic optics, subtle film grain, sober mysterious mood, no fantasy magic, no supernatural glow, no text, no logos, no watermark, no synthetic portrait of a named real person, 16:9. Compose one strong documentary still that can hold 5-8 seconds with a subtle push-in. SUBJECT: Focus-level ladder 10/12 -> 15 -> 21, with claimed past/future boundaries labeled by editor. NARRATION BEAT TO MATCH: zu verschiedenen Punkten der Vergangenheit geben sollen. Noch. Keep the image semantically aligned to this exact beat; do not introduce claims not present in the narration. Avoid: occult cliché, tarot props, glowing chakras, neon sci-fi, cyberpunk, horror monster imagery, conspiracy corkboard, readable fake documents, modern consumer electronics unless requested, deformed hands, extra fingers, text artifacts.",G01; G02-G08,16:9,YES,GENERATE
IMG26,EP02,4,MAIN,EP02_V_037,"Cinematic investigative documentary reconstruction, late-20th-century research atmosphere, deep blue-black and graphite shadows, warm practical tungsten lamps, restrained cyan technical accents, tactile paper, brushed metal and glass, realistic optics, subtle film grain, sober mysterious mood, no fantasy magic, no supernatural glow, no text, no logos, no watermark, no synthetic portrait of a named real person, 16:9. Compose one strong documentary still that can hold 5-8 seconds with a subtle push-in. SUBJECT: adult participant reclining with headphones, eyes closed, room remains physically ordinary. NARRATION BEAT TO MATCH: eine Stufe weiter liegt Focus 21. Der Bericht. Keep the image semantically aligned to this exact beat; do not introduce claims not present in the narration. Avoid: occult cliché, tarot props, glowing chakras, neon sci-fi, cyberpunk, horror monster imagery, conspiracy corkboard, readable fake documents, modern consumer electronics unless requested, deformed hands, extra fingers, text artifacts.",G01; G02-G08,16:9,YES,GENERATE
IMG27,EP02,4,MAIN,EP02_V_038,"Cinematic investigative documentary reconstruction, late-20th-century research atmosphere, deep blue-black and graphite shadows, warm practical tungsten lamps, restrained cyan technical accents, tactile paper, brushed metal and glass, realistic optics, subtle film grain, sober mysterious mood, no fantasy magic, no supernatural glow, no text, no logos, no watermark, no synthetic portrait of a named real person, 16:9. Compose one strong documentary still that can hold 5-8 seconds with a subtle push-in. SUBJECT: conceptual time corridor made from layered translucent frames, no magical portal, explicitly metaphorical. NARRATION BEAT TO MATCH: verbindet ihn mit einer Bewegung jenseits normaler Raum-Zeit-Grenzen und. Keep the image semantically aligned to this exact beat; do not introduce claims not present in the narration. Avoid: occult cliché, tarot props, glowing chakras, neon sci-fi, cyberpunk, horror monster imagery, conspiracy corkboard, readable fake documents, modern consumer electronics unless requested, deformed hands, extra fingers, text artifacts.",G01; G02-G08,16:9,YES,GENERATE
IMG28,EP02,4,MAIN,EP02_V_040,"Cinematic investigative documentary reconstruction, late-20th-century research atmosphere, deep blue-black and graphite shadows, warm practical tungsten lamps, restrained cyan technical accents, tactile paper, brushed metal and glass, realistic optics, subtle film grain, sober mysterious mood, no fantasy magic, no supernatural glow, no text, no logos, no watermark, no synthetic portrait of a named real person, 16:9. Compose one strong documentary still that can hold 5-8 seconds with a subtle push-in. SUBJECT: split conceptual image of remembered past and imagined future around a still seated participant. NARRATION BEAT TO MATCH: Formulierungen, die wir der Akte unterschieben. Sie stehen. Keep the image semantically aligned to this exact beat; do not introduce claims not present in the narration. Avoid: occult cliché, tarot props, glowing chakras, neon sci-fi, cyberpunk, horror monster imagery, conspiracy corkboard, readable fake documents, modern consumer electronics unless requested, deformed hands, extra fingers, text artifacts.",G01; G02-G08,16:9,YES,GENERATE
IMG29,EP02,4,MAIN,EP02_V_041,"Cinematic investigative documentary reconstruction, late-20th-century research atmosphere, deep blue-black and graphite shadows, warm practical tungsten lamps, restrained cyan technical accents, tactile paper, brushed metal and glass, realistic optics, subtle film grain, sober mysterious mood, no fantasy magic, no supernatural glow, no text, no logos, no watermark, no synthetic portrait of a named real person, 16:9. Compose one strong documentary still that can hold 5-8 seconds with a subtle push-in. SUBJECT: Focus-level ladder 10/12 -> 15 -> 21, with claimed past/future boundaries labeled by editor. NARRATION BEAT TO MATCH: in ihr. Aber wir müssen zwei Dinge auseinanderhalten.. Keep the image semantically aligned to this exact beat; do not introduce claims not present in the narration. Avoid: occult cliché, tarot props, glowing chakras, neon sci-fi, cyberpunk, horror monster imagery, conspiracy corkboard, readable fake documents, modern consumer electronics unless requested, deformed hands, extra fingers, text artifacts.",G01; G02-G08,16:9,YES,GENERATE
IMG30,EP02,4,MAIN,EP02_V_042,"Cinematic investigative documentary reconstruction, late-20th-century research atmosphere, deep blue-black and graphite shadows, warm practical tungsten lamps, restrained cyan technical accents, tactile paper, brushed metal and glass, realistic optics, subtle film grain, sober mysterious mood, no fantasy magic, no supernatural glow, no text, no logos, no watermark, no synthetic portrait of a named real person, 16:9. Compose one strong documentary still that can hold 5-8 seconds with a subtle push-in. SUBJECT: adult participant reclining with headphones, eyes closed, room remains physically ordinary. NARRATION BEAT TO MATCH: Belegt ist, dass McDonnell diese Konzepte in einem. Keep the image semantically aligned to this exact beat; do not introduce claims not present in the narration. Avoid: occult cliché, tarot props, glowing chakras, neon sci-fi, cyberpunk, horror monster imagery, conspiracy corkboard, readable fake documents, modern consumer electronics unless requested, deformed hands, extra fingers, text artifacts.",G01; G02-G08,16:9,YES,GENERATE
IMG31,EP02,4,MAIN,EP02_V_043,"Cinematic investigative documentary reconstruction, late-20th-century research atmosphere, deep blue-black and graphite shadows, warm practical tungsten lamps, restrained cyan technical accents, tactile paper, brushed metal and glass, realistic optics, subtle film grain, sober mysterious mood, no fantasy magic, no supernatural glow, no text, no logos, no watermark, no synthetic portrait of a named real person, 16:9. Compose one strong documentary still that can hold 5-8 seconds with a subtle push-in. SUBJECT: conceptual time corridor made from layered translucent frames, no magical portal, explicitly metaphorical. NARRATION BEAT TO MATCH: militärischen Assessment analysierte. Behauptet ist, dass Teilnehmer auf. Keep the image semantically aligned to this exact beat; do not introduce claims not present in the narration. Avoid: occult cliché, tarot props, glowing chakras, neon sci-fi, cyberpunk, horror monster imagery, conspiracy corkboard, readable fake documents, modern consumer electronics unless requested, deformed hands, extra fingers, text artifacts.",G01; G02-G08,16:9,YES,GENERATE
IMG32,EP02,4,MAIN,EP02_V_045,"Cinematic investigative documentary reconstruction, late-20th-century research atmosphere, deep blue-black and graphite shadows, warm practical tungsten lamps, restrained cyan technical accents, tactile paper, brushed metal and glass, realistic optics, subtle film grain, sober mysterious mood, no fantasy magic, no supernatural glow, no text, no logos, no watermark, no synthetic portrait of a named real person, 16:9. Compose one strong documentary still that can hold 5-8 seconds with a subtle push-in. SUBJECT: split conceptual image of remembered past and imagined future around a still seated participant. NARRATION BEAT TO MATCH: außerkörperlichen Zustand gewinnen können. Die Existenz eines geheimnisvollen. Keep the image semantically aligned to this exact beat; do not introduce claims not present in the narration. Avoid: occult cliché, tarot props, glowing chakras, neon sci-fi, cyberpunk, horror monster imagery, conspiracy corkboard, readable fake documents, modern consumer electronics unless requested, deformed hands, extra fingers, text artifacts.",G01; G02-G08,16:9,YES,GENERATE
IMG33,EP02,4,MAIN,EP02_V_046,"Cinematic investigative documentary reconstruction, late-20th-century research atmosphere, deep blue-black and graphite shadows, warm practical tungsten lamps, restrained cyan technical accents, tactile paper, brushed metal and glass, realistic optics, subtle film grain, sober mysterious mood, no fantasy magic, no supernatural glow, no text, no logos, no watermark, no synthetic portrait of a named real person, 16:9. Compose one strong documentary still that can hold 5-8 seconds with a subtle push-in. SUBJECT: Focus-level ladder 10/12 -> 15 -> 21, with claimed past/future boundaries labeled by editor. NARRATION BEAT TO MATCH: Dokuments macht den zweiten Satz nicht automatisch wahr.. Keep the image semantically aligned to this exact beat; do not introduce claims not present in the narration. Avoid: occult cliché, tarot props, glowing chakras, neon sci-fi, cyberpunk, horror monster imagery, conspiracy corkboard, readable fake documents, modern consumer electronics unless requested, deformed hands, extra fingers, text artifacts.",G01; G02-G08,16:9,YES,GENERATE
IMG34,EP02,5,MAIN,EP02_V_048,"Cinematic investigative documentary reconstruction, late-20th-century research atmosphere, deep blue-black and graphite shadows, warm practical tungsten lamps, restrained cyan technical accents, tactile paper, brushed metal and glass, realistic optics, subtle film grain, sober mysterious mood, no fantasy magic, no supernatural glow, no text, no logos, no watermark, no synthetic portrait of a named real person, 16:9. Compose one strong documentary still that can hold 5-8 seconds with a subtle push-in. SUBJECT: three-observer/multi-focus information collection diagram. NARRATION BEAT TO MATCH: zu erklären, und anfängt, über Anwendung nachzudenken. Im Schlussbereich. Keep the image semantically aligned to this exact beat; do not introduce claims not present in the narration. Avoid: occult cliché, tarot props, glowing chakras, neon sci-fi, cyberpunk, horror monster imagery, conspiracy corkboard, readable fake documents, modern consumer electronics unless requested, deformed hands, extra fingers, text artifacts.",G01,16:9,YES,GENERATE
IMG35,EP02,5,MAIN,EP02_V_049,"Cinematic investigative documentary reconstruction, late-20th-century research atmosphere, deep blue-black and graphite shadows, warm practical tungsten lamps, restrained cyan technical accents, tactile paper, brushed metal and glass, realistic optics, subtle film grain, sober mysterious mood, no fantasy magic, no supernatural glow, no text, no logos, no watermark, no synthetic portrait of a named real person, 16:9. Compose one strong documentary still that can hold 5-8 seconds with a subtle push-in. SUBJECT: anonymous analysts comparing independent descriptions of the same target on a table. NARRATION BEAT TO MATCH: schlägt der Bericht weitere Experimente vor. Unter anderem soll. Keep the image semantically aligned to this exact beat; do not introduce claims not present in the narration. Avoid: occult cliché, tarot props, glowing chakras, neon sci-fi, cyberpunk, horror monster imagery, conspiracy corkboard, readable fake documents, modern consumer electronics unless requested, deformed hands, extra fingers, text artifacts.",G01,16:9,YES,GENERATE
IMG36,EP02,5,MAIN,EP02_V_050,"Cinematic investigative documentary reconstruction, late-20th-century research atmosphere, deep blue-black and graphite shadows, warm practical tungsten lamps, restrained cyan technical accents, tactile paper, brushed metal and glass, realistic optics, subtle film grain, sober mysterious mood, no fantasy magic, no supernatural glow, no text, no logos, no watermark, no synthetic portrait of a named real person, 16:9. Compose one strong documentary still that can hold 5-8 seconds with a subtle push-in. SUBJECT: period 1980s operations room with maps intentionally out of readable focus, no logos. NARRATION BEAT TO MATCH: man außerkörperliche Bewegung trainieren und die fortgeschrittenen Focus-Zustände. Keep the image semantically aligned to this exact beat; do not introduce claims not present in the narration. Avoid: occult cliché, tarot props, glowing chakras, neon sci-fi, cyberpunk, horror monster imagery, conspiracy corkboard, readable fake documents, modern consumer electronics unless requested, deformed hands, extra fingers, text artifacts.",G01,16:9,YES,GENERATE
IMG37,EP02,5,MAIN,EP02_V_051,"Cinematic investigative documentary reconstruction, late-20th-century research atmosphere, deep blue-black and graphite shadows, warm practical tungsten lamps, restrained cyan technical accents, tactile paper, brushed metal and glass, realistic optics, subtle film grain, sober mysterious mood, no fantasy magic, no supernatural glow, no text, no logos, no watermark, no synthetic portrait of a named real person, 16:9. Compose one strong documentary still that can hold 5-8 seconds with a subtle push-in. SUBJECT: workflow: training -> session -> independent observations -> comparison -> evaluation. NARRATION BEAT TO MATCH: aus dieser Perspektive angehen. Für das Problem verzerrter Informationsgewinnung. Keep the image semantically aligned to this exact beat; do not introduce claims not present in the narration. Avoid: occult cliché, tarot props, glowing chakras, neon sci-fi, cyberpunk, horror monster imagery, conspiracy corkboard, readable fake documents, modern consumer electronics unless requested, deformed hands, extra fingers, text artifacts.",G01,16:9,YES,GENERATE
IMG38,EP02,5,MAIN,EP02_V_053,"Cinematic investigative documentary reconstruction, late-20th-century research atmosphere, deep blue-black and graphite shadows, warm practical tungsten lamps, restrained cyan technical accents, tactile paper, brushed metal and glass, realistic optics, subtle film grain, sober mysterious mood, no fantasy magic, no supernatural glow, no text, no logos, no watermark, no synthetic portrait of a named real person, 16:9. Compose one strong documentary still that can hold 5-8 seconds with a subtle push-in. SUBJECT: three-observer/multi-focus information collection diagram. NARRATION BEAT TO MATCH: Ziel aus unterschiedlichen Zuständen betrachten — eine in normaler. Keep the image semantically aligned to this exact beat; do not introduce claims not present in the narration. Avoid: occult cliché, tarot props, glowing chakras, neon sci-fi, cyberpunk, horror monster imagery, conspiracy corkboard, readable fake documents, modern consumer electronics unless requested, deformed hands, extra fingers, text artifacts.",G01,16:9,YES,GENERATE
IMG39,EP02,5,MAIN,EP02_V_054,"Cinematic investigative documentary reconstruction, late-20th-century research atmosphere, deep blue-black and graphite shadows, warm practical tungsten lamps, restrained cyan technical accents, tactile paper, brushed metal and glass, realistic optics, subtle film grain, sober mysterious mood, no fantasy magic, no supernatural glow, no text, no logos, no watermark, no synthetic portrait of a named real person, 16:9. Compose one strong documentary still that can hold 5-8 seconds with a subtle push-in. SUBJECT: anonymous analysts comparing independent descriptions of the same target on a table. NARRATION BEAT TO MATCH: Raum-Zeit, eine aus der unmittelbaren Vergangenheit, eine aus der. Keep the image semantically aligned to this exact beat; do not introduce claims not present in the narration. Avoid: occult cliché, tarot props, glowing chakras, neon sci-fi, cyberpunk, horror monster imagery, conspiracy corkboard, readable fake documents, modern consumer electronics unless requested, deformed hands, extra fingers, text artifacts.",G01,16:9,YES,GENERATE
IMG40,EP02,5,MAIN,EP02_V_055,"Cinematic investigative documentary reconstruction, late-20th-century research atmosphere, deep blue-black and graphite shadows, warm practical tungsten lamps, restrained cyan technical accents, tactile paper, brushed metal and glass, realistic optics, subtle film grain, sober mysterious mood, no fantasy magic, no supernatural glow, no text, no logos, no watermark, no synthetic portrait of a named real person, 16:9. Compose one strong documentary still that can hold 5-8 seconds with a subtle push-in. SUBJECT: period 1980s operations room with maps intentionally out of readable focus, no logos. NARRATION BEAT TO MATCH: unmittelbaren Zukunft — und anschließend ihre Angaben vergleichen. Das. Keep the image semantically aligned to this exact beat; do not introduce claims not present in the narration. Avoid: occult cliché, tarot props, glowing chakras, neon sci-fi, cyberpunk, horror monster imagery, conspiracy corkboard, readable fake documents, modern consumer electronics unless requested, deformed hands, extra fingers, text artifacts.",G01,16:9,YES,GENERATE
IMG41,EP02,5,MAIN,EP02_V_056,"Cinematic investigative documentary reconstruction, late-20th-century research atmosphere, deep blue-black and graphite shadows, warm practical tungsten lamps, restrained cyan technical accents, tactile paper, brushed metal and glass, realistic optics, subtle film grain, sober mysterious mood, no fantasy magic, no supernatural glow, no text, no logos, no watermark, no synthetic portrait of a named real person, 16:9. Compose one strong documentary still that can hold 5-8 seconds with a subtle push-in. SUBJECT: workflow: training -> session -> independent observations -> comparison -> evaluation. NARRATION BEAT TO MATCH: klingt wie Science-Fiction. Im Dokument ist es als experimentelle. Keep the image semantically aligned to this exact beat; do not introduce claims not present in the narration. Avoid: occult cliché, tarot props, glowing chakras, neon sci-fi, cyberpunk, horror monster imagery, conspiracy corkboard, readable fake documents, modern consumer electronics unless requested, deformed hands, extra fingers, text artifacts.",G01,16:9,YES,GENERATE
IMG42,EP02,5,MAIN,EP02_V_058,"Cinematic investigative documentary reconstruction, late-20th-century research atmosphere, deep blue-black and graphite shadows, warm practical tungsten lamps, restrained cyan technical accents, tactile paper, brushed metal and glass, realistic optics, subtle film grain, sober mysterious mood, no fantasy magic, no supernatural glow, no text, no logos, no watermark, no synthetic portrait of a named real person, 16:9. Compose one strong documentary still that can hold 5-8 seconds with a subtle push-in. SUBJECT: three-observer/multi-focus information collection diagram. NARRATION BEAT TO MATCH: Army-Offizier diskutierte, wie man das System weiter testen. Keep the image semantically aligned to this exact beat; do not introduce claims not present in the narration. Avoid: occult cliché, tarot props, glowing chakras, neon sci-fi, cyberpunk, horror monster imagery, conspiracy corkboard, readable fake documents, modern consumer electronics unless requested, deformed hands, extra fingers, text artifacts.",G01,16:9,YES,GENERATE
IMG43,EP02,5,MAIN,EP02_V_059,"Cinematic investigative documentary reconstruction, late-20th-century research atmosphere, deep blue-black and graphite shadows, warm practical tungsten lamps, restrained cyan technical accents, tactile paper, brushed metal and glass, realistic optics, subtle film grain, sober mysterious mood, no fantasy magic, no supernatural glow, no text, no logos, no watermark, no synthetic portrait of a named real person, 16:9. Compose one strong documentary still that can hold 5-8 seconds with a subtle push-in. SUBJECT: anonymous analysts comparing independent descriptions of the same target on a table. NARRATION BEAT TO MATCH: und möglicherweise praktisch nutzen könnte. Was daraus nicht folgt:. Keep the image semantically aligned to this exact beat; do not introduce claims not present in the narration. Avoid: occult cliché, tarot props, glowing chakras, neon sci-fi, cyberpunk, horror monster imagery, conspiracy corkboard, readable fake documents, modern consumer electronics unless requested, deformed hands, extra fingers, text artifacts.",G01,16:9,YES,GENERATE
IMG44,EP02,5,MAIN,EP02_V_060,"Cinematic investigative documentary reconstruction, late-20th-century research atmosphere, deep blue-black and graphite shadows, warm practical tungsten lamps, restrained cyan technical accents, tactile paper, brushed metal and glass, realistic optics, subtle film grain, sober mysterious mood, no fantasy magic, no supernatural glow, no text, no logos, no watermark, no synthetic portrait of a named real person, 16:9. Compose one strong documentary still that can hold 5-8 seconds with a subtle push-in. SUBJECT: period 1980s operations room with maps intentionally out of readable focus, no logos. NARRATION BEAT TO MATCH: dass ein solcher Informationskanal zuverlässig funktionierte oder operativ eingesetzt. Keep the image semantically aligned to this exact beat; do not introduce claims not present in the narration. Avoid: occult cliché, tarot props, glowing chakras, neon sci-fi, cyberpunk, horror monster imagery, conspiracy corkboard, readable fake documents, modern consumer electronics unless requested, deformed hands, extra fingers, text artifacts.",G01,16:9,YES,GENERATE
IMG45,EP02,5,MAIN,EP02_V_061,"Cinematic investigative documentary reconstruction, late-20th-century research atmosphere, deep blue-black and graphite shadows, warm practical tungsten lamps, restrained cyan technical accents, tactile paper, brushed metal and glass, realistic optics, subtle film grain, sober mysterious mood, no fantasy magic, no supernatural glow, no text, no logos, no watermark, no synthetic portrait of a named real person, 16:9. Compose one strong documentary still that can hold 5-8 seconds with a subtle push-in. SUBJECT: workflow: training -> session -> independent observations -> comparison -> evaluation. NARRATION BEAT TO MATCH: wurde. Interesse ist belegt. Funktion ist eine andere Frage.. Keep the image semantically aligned to this exact beat; do not introduce claims not present in the narration. Avoid: occult cliché, tarot props, glowing chakras, neon sci-fi, cyberpunk, horror monster imagery, conspiracy corkboard, readable fake documents, modern consumer electronics unless requested, deformed hands, extra fingers, text artifacts.",G01,16:9,YES,GENERATE
IMG46,EP02,6,MAIN,EP02_V_062,"Cinematic investigative documentary reconstruction, late-20th-century research atmosphere, deep blue-black and graphite shadows, warm practical tungsten lamps, restrained cyan technical accents, tactile paper, brushed metal and glass, realistic optics, subtle film grain, sober mysterious mood, no fantasy magic, no supernatural glow, no text, no logos, no watermark, no synthetic portrait of a named real person, 16:9. Compose one strong documentary still that can hold 5-8 seconds with a subtle push-in. SUBJECT: restrained non-corporeal-energy metaphor: subtle volumetric disturbance in dark empty space, no creature or fantasy entity. NARRATION BEAT TO MATCH: Der Abschluss des Berichts geht noch weiter. McDonnell schreibt sinngemäß, Teilnehmer. Keep the image semantically aligned to this exact beat; do not introduce claims not present in the narration. Avoid: occult cliché, tarot props, glowing chakras, neon sci-fi, cyberpunk, horror monster imagery, conspiracy corkboard, readable fake documents, modern consumer electronics unless requested, deformed hands, extra fingers, text artifacts.",G01,16:9,YES,GENERATE
IMG47,EP02,6,MAIN,EP02_V_063,"Cinematic investigative documentary reconstruction, late-20th-century research atmosphere, deep blue-black and graphite shadows, warm practical tungsten lamps, restrained cyan technical accents, tactile paper, brushed metal and glass, realistic optics, subtle film grain, sober mysterious mood, no fantasy magic, no supernatural glow, no text, no logos, no watermark, no synthetic portrait of a named real person, 16:9. Compose one strong documentary still that can hold 5-8 seconds with a subtle push-in. SUBJECT: participant in headphones opens eyes in surprise but remains calm, realistic room. NARRATION BEAT TO MATCH: sollten intellektuell darauf vorbereitet sein, bei einer Überschreitung von Raum-Zeit-Grenzen möglicherweise. Keep the image semantically aligned to this exact beat; do not introduce claims not present in the narration. Avoid: occult cliché, tarot props, glowing chakras, neon sci-fi, cyberpunk, horror monster imagery, conspiracy corkboard, readable fake documents, modern consumer electronics unless requested, deformed hands, extra fingers, text artifacts.",G01,16:9,YES,GENERATE
IMG48,EP02,6,MAIN,EP02_V_065,"Cinematic investigative documentary reconstruction, late-20th-century research atmosphere, deep blue-black and graphite shadows, warm practical tungsten lamps, restrained cyan technical accents, tactile paper, brushed metal and glass, realistic optics, subtle film grain, sober mysterious mood, no fantasy magic, no supernatural glow, no text, no logos, no watermark, no synthetic portrait of a named real person, 16:9. Compose one strong documentary still that can hold 5-8 seconds with a subtle push-in. SUBJECT: concentric translucent boundaries around a seated human silhouette as conceptual protection model. NARRATION BEAT TO MATCH: 12, die gedankliche beziehungsweise „holografische“ Muster um sensible Bereiche aufbauen sollen,. Keep the image semantically aligned to this exact beat; do not introduce claims not present in the narration. Avoid: occult cliché, tarot props, glowing chakras, neon sci-fi, cyberpunk, horror monster imagery, conspiracy corkboard, readable fake documents, modern consumer electronics unless requested, deformed hands, extra fingers, text artifacts.",G01,16:9,YES,GENERATE
IMG49,EP02,6,MAIN,EP02_V_066,"Cinematic investigative documentary reconstruction, late-20th-century research atmosphere, deep blue-black and graphite shadows, warm practical tungsten lamps, restrained cyan technical accents, tactile paper, brushed metal and glass, realistic optics, subtle film grain, sober mysterious mood, no fantasy magic, no supernatural glow, no text, no logos, no watermark, no synthetic portrait of a named real person, 16:9. Compose one strong documentary still that can hold 5-8 seconds with a subtle push-in. SUBJECT: empty audio room after session, headphones on chair, unresolved atmosphere. NARRATION BEAT TO MATCH: um unerwünschte außerkörperliche Präsenzen abzuwehren. Spätestens hier ist klar: Das Dokument. Keep the image semantically aligned to this exact beat; do not introduce claims not present in the narration. Avoid: occult cliché, tarot props, glowing chakras, neon sci-fi, cyberpunk, horror monster imagery, conspiracy corkboard, readable fake documents, modern consumer electronics unless requested, deformed hands, extra fingers, text artifacts.",G01,16:9,YES,GENERATE
IMG50,EP02,6,MAIN,EP02_V_067,"Cinematic investigative documentary reconstruction, late-20th-century research atmosphere, deep blue-black and graphite shadows, warm practical tungsten lamps, restrained cyan technical accents, tactile paper, brushed metal and glass, realistic optics, subtle film grain, sober mysterious mood, no fantasy magic, no supernatural glow, no text, no logos, no watermark, no synthetic portrait of a named real person, 16:9. Compose one strong documentary still that can hold 5-8 seconds with a subtle push-in. SUBJECT: restrained non-corporeal-energy metaphor: subtle volumetric disturbance in dark empty space, no creature or fantasy entity. NARRATION BEAT TO MATCH: ist keine nüchterne Bestätigung etablierter Physik. Es ist ein Versuch, ein. Keep the image semantically aligned to this exact beat; do not introduce claims not present in the narration. Avoid: occult cliché, tarot props, glowing chakras, neon sci-fi, cyberpunk, horror monster imagery, conspiracy corkboard, readable fake documents, modern consumer electronics unless requested, deformed hands, extra fingers, text artifacts.",G01,16:9,YES,GENERATE
IMG51,EP02,6,MAIN,EP02_V_068,"Cinematic investigative documentary reconstruction, late-20th-century research atmosphere, deep blue-black and graphite shadows, warm practical tungsten lamps, restrained cyan technical accents, tactile paper, brushed metal and glass, realistic optics, subtle film grain, sober mysterious mood, no fantasy magic, no supernatural glow, no text, no logos, no watermark, no synthetic portrait of a named real person, 16:9. Compose one strong documentary still that can hold 5-8 seconds with a subtle push-in. SUBJECT: participant in headphones opens eyes in surprise but remains calm, realistic room. NARRATION BEAT TO MATCH: außergewöhnliches Trainingssystem in eine technische Welterklärung zu übersetzen — und daraus. Keep the image semantically aligned to this exact beat; do not introduce claims not present in the narration. Avoid: occult cliché, tarot props, glowing chakras, neon sci-fi, cyberpunk, horror monster imagery, conspiracy corkboard, readable fake documents, modern consumer electronics unless requested, deformed hands, extra fingers, text artifacts.",G01,16:9,YES,GENERATE
IMG52,EP02,6,MAIN,EP02_V_070,"Cinematic investigative documentary reconstruction, late-20th-century research atmosphere, deep blue-black and graphite shadows, warm practical tungsten lamps, restrained cyan technical accents, tactile paper, brushed metal and glass, realistic optics, subtle film grain, sober mysterious mood, no fantasy magic, no supernatural glow, no text, no logos, no watermark, no synthetic portrait of a named real person, 16:9. Compose one strong documentary still that can hold 5-8 seconds with a subtle push-in. SUBJECT: concentric translucent boundaries around a seated human silhouette as conceptual protection model. NARRATION BEAT TO MATCH: damit beschäftigt?“ Das steht auf dem Papier. Die bessere Frage lautet:. Keep the image semantically aligned to this exact beat; do not introduce claims not present in the narration. Avoid: occult cliché, tarot props, glowing chakras, neon sci-fi, cyberpunk, horror monster imagery, conspiracy corkboard, readable fake documents, modern consumer electronics unless requested, deformed hands, extra fingers, text artifacts.",G01,16:9,YES,GENERATE
IMG53,EP02,6,MAIN,EP02_V_071,"Cinematic investigative documentary reconstruction, late-20th-century research atmosphere, deep blue-black and graphite shadows, warm practical tungsten lamps, restrained cyan technical accents, tactile paper, brushed metal and glass, realistic optics, subtle film grain, sober mysterious mood, no fantasy magic, no supernatural glow, no text, no logos, no watermark, no synthetic portrait of a named real person, 16:9. Compose one strong documentary still that can hold 5-8 seconds with a subtle push-in. SUBJECT: empty audio room after session, headphones on chair, unresolved atmosphere. NARRATION BEAT TO MATCH: Welche Teile dieser Mechanik überleben, wenn man sie heute einzeln prüft?. Keep the image semantically aligned to this exact beat; do not introduce claims not present in the narration. Avoid: occult cliché, tarot props, glowing chakras, neon sci-fi, cyberpunk, horror monster imagery, conspiracy corkboard, readable fake documents, modern consumer electronics unless requested, deformed hands, extra fingers, text artifacts.",G01,16:9,YES,GENERATE
IMG54,EP02,7,MAIN,EP02_V_072,"Cinematic investigative documentary reconstruction, late-20th-century research atmosphere, deep blue-black and graphite shadows, warm practical tungsten lamps, restrained cyan technical accents, tactile paper, brushed metal and glass, realistic optics, subtle film grain, sober mysterious mood, no fantasy magic, no supernatural glow, no text, no logos, no watermark, no synthetic portrait of a named real person, 16:9. Compose one strong documentary still that can hold 5-8 seconds with a subtle push-in. SUBJECT: modern evidence matrix of binaural-beat outcomes: cognition, anxiety, pain, neural entrainment, mixed/heterogeneous findings. NARRATION BEAT TO MATCH: Hier wird die Geschichte interessanter als ein einfaches Debunking.. Keep the image semantically aligned to this exact beat; do not introduce claims not present in the narration. Avoid: occult cliché, tarot props, glowing chakras, neon sci-fi, cyberpunk, horror monster imagery, conspiracy corkboard, readable fake documents, modern consumer electronics unless requested, deformed hands, extra fingers, text artifacts.",G01,16:9,YES,GENERATE
IMG55,EP02,7,MAIN,EP02_V_073,"Cinematic investigative documentary reconstruction, late-20th-century research atmosphere, deep blue-black and graphite shadows, warm practical tungsten lamps, restrained cyan technical accents, tactile paper, brushed metal and glass, realistic optics, subtle film grain, sober mysterious mood, no fantasy magic, no supernatural glow, no text, no logos, no watermark, no synthetic portrait of a named real person, 16:9. Compose one strong documentary still that can hold 5-8 seconds with a subtle push-in. SUBJECT: modern anonymous adult listening-study lab with EEG-style setup but no fake medical diagnosis. NARRATION BEAT TO MATCH: Denn binaurale Beats sind nicht bloß ein erfundener. Keep the image semantically aligned to this exact beat; do not introduce claims not present in the narration. Avoid: occult cliché, tarot props, glowing chakras, neon sci-fi, cyberpunk, horror monster imagery, conspiracy corkboard, readable fake documents, modern consumer electronics unless requested, deformed hands, extra fingers, text artifacts.",G01,16:9,YES,GENERATE
IMG56,EP02,7,MAIN,EP02_V_074,"Cinematic investigative documentary reconstruction, late-20th-century research atmosphere, deep blue-black and graphite shadows, warm practical tungsten lamps, restrained cyan technical accents, tactile paper, brushed metal and glass, realistic optics, subtle film grain, sober mysterious mood, no fantasy magic, no supernatural glow, no text, no logos, no watermark, no synthetic portrait of a named real person, 16:9. Compose one strong documentary still that can hold 5-8 seconds with a subtle push-in. SUBJECT: split diagram AUDITORY EFFECTS versus EXTRAORDINARY CLAIMS with evidence gap clearly shown. NARRATION BEAT TO MATCH: Begriff aus einer alten Akte. Moderne Studien haben auditive. Keep the image semantically aligned to this exact beat; do not introduce claims not present in the narration. Avoid: occult cliché, tarot props, glowing chakras, neon sci-fi, cyberpunk, horror monster imagery, conspiracy corkboard, readable fake documents, modern consumer electronics unless requested, deformed hands, extra fingers, text artifacts.",G01,16:9,YES,GENERATE
IMG57,EP02,7,MAIN,EP02_V_075,"Cinematic investigative documentary reconstruction, late-20th-century research atmosphere, deep blue-black and graphite shadows, warm practical tungsten lamps, restrained cyan technical accents, tactile paper, brushed metal and glass, realistic optics, subtle film grain, sober mysterious mood, no fantasy magic, no supernatural glow, no text, no logos, no watermark, no synthetic portrait of a named real person, 16:9. Compose one strong documentary still that can hold 5-8 seconds with a subtle push-in. SUBJECT: stack of modern review papers represented as clean bibliographic cards without invented text. NARRATION BEAT TO MATCH: Beat-Stimulation tatsächlich auf psychologische und kognitive Effekte untersucht.. Keep the image semantically aligned to this exact beat; do not introduce claims not present in the narration. Avoid: occult cliché, tarot props, glowing chakras, neon sci-fi, cyberpunk, horror monster imagery, conspiracy corkboard, readable fake documents, modern consumer electronics unless requested, deformed hands, extra fingers, text artifacts.",G01,16:9,YES,GENERATE
IMG58,EP02,7,MAIN,EP02_V_076,"Cinematic investigative documentary reconstruction, late-20th-century research atmosphere, deep blue-black and graphite shadows, warm practical tungsten lamps, restrained cyan technical accents, tactile paper, brushed metal and glass, realistic optics, subtle film grain, sober mysterious mood, no fantasy magic, no supernatural glow, no text, no logos, no watermark, no synthetic portrait of a named real person, 16:9. Compose one strong documentary still that can hold 5-8 seconds with a subtle push-in. SUBJECT: audio waves producing modest measurable response, then dashed line stopping before out-of-body/time claims. NARRATION BEAT TO MATCH: Eine Meta-Analyse von 2019 berichtete Effekte auf Kognition, Angst. Keep the image semantically aligned to this exact beat; do not introduce claims not present in the narration. Avoid: occult cliché, tarot props, glowing chakras, neon sci-fi, cyberpunk, horror monster imagery, conspiracy corkboard, readable fake documents, modern consumer electronics unless requested, deformed hands, extra fingers, text artifacts.",G01,16:9,YES,GENERATE
IMG59,EP02,7,MAIN,EP02_V_077,"Cinematic investigative documentary reconstruction, late-20th-century research atmosphere, deep blue-black and graphite shadows, warm practical tungsten lamps, restrained cyan technical accents, tactile paper, brushed metal and glass, realistic optics, subtle film grain, sober mysterious mood, no fantasy magic, no supernatural glow, no text, no logos, no watermark, no synthetic portrait of a named real person, 16:9. Compose one strong documentary still that can hold 5-8 seconds with a subtle push-in. SUBJECT: modern evidence matrix of binaural-beat outcomes: cognition, anxiety, pain, neural entrainment, mixed/heterogeneous findings. NARRATION BEAT TO MATCH: und Schmerzwahrnehmung. Spätere systematische Reviews beschreiben das Bild jedoch. Keep the image semantically aligned to this exact beat; do not introduce claims not present in the narration. Avoid: occult cliché, tarot props, glowing chakras, neon sci-fi, cyberpunk, horror monster imagery, conspiracy corkboard, readable fake documents, modern consumer electronics unless requested, deformed hands, extra fingers, text artifacts.",G01,16:9,YES,GENERATE
IMG60,EP02,7,MAIN,EP02_V_078,"Cinematic investigative documentary reconstruction, late-20th-century research atmosphere, deep blue-black and graphite shadows, warm practical tungsten lamps, restrained cyan technical accents, tactile paper, brushed metal and glass, realistic optics, subtle film grain, sober mysterious mood, no fantasy magic, no supernatural glow, no text, no logos, no watermark, no synthetic portrait of a named real person, 16:9. Compose one strong documentary still that can hold 5-8 seconds with a subtle push-in. SUBJECT: modern anonymous adult listening-study lab with EEG-style setup but no fake medical diagnosis. NARRATION BEAT TO MATCH: als heterogen: Je nach Frequenz, Messgröße und Versuchsdesign. Keep the image semantically aligned to this exact beat; do not introduce claims not present in the narration. Avoid: occult cliché, tarot props, glowing chakras, neon sci-fi, cyberpunk, horror monster imagery, conspiracy corkboard, readable fake documents, modern consumer electronics unless requested, deformed hands, extra fingers, text artifacts.",G01,16:9,YES,GENERATE
IMG61,EP02,7,MAIN,EP02_V_079,"Cinematic investigative documentary reconstruction, late-20th-century research atmosphere, deep blue-black and graphite shadows, warm practical tungsten lamps, restrained cyan technical accents, tactile paper, brushed metal and glass, realistic optics, subtle film grain, sober mysterious mood, no fantasy magic, no supernatural glow, no text, no logos, no watermark, no synthetic portrait of a named real person, 16:9. Compose one strong documentary still that can hold 5-8 seconds with a subtle push-in. SUBJECT: split diagram AUDITORY EFFECTS versus EXTRAORDINARY CLAIMS with evidence gap clearly shown. NARRATION BEAT TO MATCH: fallen Ergebnisse unterschiedlich aus, und gerade bei Gehirnwellen-„Entrainment“ ist. Keep the image semantically aligned to this exact beat; do not introduce claims not present in the narration. Avoid: occult cliché, tarot props, glowing chakras, neon sci-fi, cyberpunk, horror monster imagery, conspiracy corkboard, readable fake documents, modern consumer electronics unless requested, deformed hands, extra fingers, text artifacts.",G01,16:9,YES,GENERATE
IMG62,EP02,7,MAIN,EP02_V_080,"Cinematic investigative documentary reconstruction, late-20th-century research atmosphere, deep blue-black and graphite shadows, warm practical tungsten lamps, restrained cyan technical accents, tactile paper, brushed metal and glass, realistic optics, subtle film grain, sober mysterious mood, no fantasy magic, no supernatural glow, no text, no logos, no watermark, no synthetic portrait of a named real person, 16:9. Compose one strong documentary still that can hold 5-8 seconds with a subtle push-in. SUBJECT: stack of modern review papers represented as clean bibliographic cards without invented text. NARRATION BEAT TO MATCH: die Evidenz nicht so glatt, wie populäre Erklärungen. Keep the image semantically aligned to this exact beat; do not introduce claims not present in the narration. Avoid: occult cliché, tarot props, glowing chakras, neon sci-fi, cyberpunk, horror monster imagery, conspiracy corkboard, readable fake documents, modern consumer electronics unless requested, deformed hands, extra fingers, text artifacts.",G01,16:9,YES,GENERATE
IMG63,EP02,7,MAIN,EP02_V_081,"Cinematic investigative documentary reconstruction, late-20th-century research atmosphere, deep blue-black and graphite shadows, warm practical tungsten lamps, restrained cyan technical accents, tactile paper, brushed metal and glass, realistic optics, subtle film grain, sober mysterious mood, no fantasy magic, no supernatural glow, no text, no logos, no watermark, no synthetic portrait of a named real person, 16:9. Compose one strong documentary still that can hold 5-8 seconds with a subtle push-in. SUBJECT: audio waves producing modest measurable response, then dashed line stopping before out-of-body/time claims. NARRATION BEAT TO MATCH: es oft darstellen. Das erzeugt ein wichtiges Duell zwischen. Keep the image semantically aligned to this exact beat; do not introduce claims not present in the narration. Avoid: occult cliché, tarot props, glowing chakras, neon sci-fi, cyberpunk, horror monster imagery, conspiracy corkboard, readable fake documents, modern consumer electronics unless requested, deformed hands, extra fingers, text artifacts.",G01,16:9,YES,GENERATE
IMG64,EP02,7,MAIN,EP02_V_082,"Cinematic investigative documentary reconstruction, late-20th-century research atmosphere, deep blue-black and graphite shadows, warm practical tungsten lamps, restrained cyan technical accents, tactile paper, brushed metal and glass, realistic optics, subtle film grain, sober mysterious mood, no fantasy magic, no supernatural glow, no text, no logos, no watermark, no synthetic portrait of a named real person, 16:9. Compose one strong documentary still that can hold 5-8 seconds with a subtle push-in. SUBJECT: modern evidence matrix of binaural-beat outcomes: cognition, anxiety, pain, neural entrainment, mixed/heterogeneous findings. NARRATION BEAT TO MATCH: zwei Behauptungsgrößen. Behauptung eins: bestimmte Audiosignale können Wahrnehmung,. Keep the image semantically aligned to this exact beat; do not introduce claims not present in the narration. Avoid: occult cliché, tarot props, glowing chakras, neon sci-fi, cyberpunk, horror monster imagery, conspiracy corkboard, readable fake documents, modern consumer electronics unless requested, deformed hands, extra fingers, text artifacts.",G01,16:9,YES,GENERATE
IMG65,EP02,7,MAIN,EP02_V_083,"Cinematic investigative documentary reconstruction, late-20th-century research atmosphere, deep blue-black and graphite shadows, warm practical tungsten lamps, restrained cyan technical accents, tactile paper, brushed metal and glass, realistic optics, subtle film grain, sober mysterious mood, no fantasy magic, no supernatural glow, no text, no logos, no watermark, no synthetic portrait of a named real person, 16:9. Compose one strong documentary still that can hold 5-8 seconds with a subtle push-in. SUBJECT: modern anonymous adult listening-study lab with EEG-style setup but no fake medical diagnosis. NARRATION BEAT TO MATCH: Aufmerksamkeit oder physiologische Zustände beeinflussen. Behauptung zwei: dieselbe Technik. Keep the image semantically aligned to this exact beat; do not introduce claims not present in the narration. Avoid: occult cliché, tarot props, glowing chakras, neon sci-fi, cyberpunk, horror monster imagery, conspiracy corkboard, readable fake documents, modern consumer electronics unless requested, deformed hands, extra fingers, text artifacts.",G01,16:9,YES,GENERATE
IMG66,EP02,7,MAIN,EP02_V_084,"Cinematic investigative documentary reconstruction, late-20th-century research atmosphere, deep blue-black and graphite shadows, warm practical tungsten lamps, restrained cyan technical accents, tactile paper, brushed metal and glass, realistic optics, subtle film grain, sober mysterious mood, no fantasy magic, no supernatural glow, no text, no logos, no watermark, no synthetic portrait of a named real person, 16:9. Compose one strong documentary still that can hold 5-8 seconds with a subtle push-in. SUBJECT: split diagram AUDITORY EFFECTS versus EXTRAORDINARY CLAIMS with evidence gap clearly shown. NARRATION BEAT TO MATCH: ermöglicht Bewusstsein außerhalb des Körpers, Zugriff auf Vergangenheit und. Keep the image semantically aligned to this exact beat; do not introduce claims not present in the narration. Avoid: occult cliché, tarot props, glowing chakras, neon sci-fi, cyberpunk, horror monster imagery, conspiracy corkboard, readable fake documents, modern consumer electronics unless requested, deformed hands, extra fingers, text artifacts.",G01,16:9,YES,GENERATE
IMG67,EP02,7,MAIN,EP02_V_085,"Cinematic investigative documentary reconstruction, late-20th-century research atmosphere, deep blue-black and graphite shadows, warm practical tungsten lamps, restrained cyan technical accents, tactile paper, brushed metal and glass, realistic optics, subtle film grain, sober mysterious mood, no fantasy magic, no supernatural glow, no text, no logos, no watermark, no synthetic portrait of a named real person, 16:9. Compose one strong documentary still that can hold 5-8 seconds with a subtle push-in. SUBJECT: stack of modern review papers represented as clean bibliographic cards without invented text. NARRATION BEAT TO MATCH: Zukunft oder verlässliche Informationsgewinnung jenseits normaler Sinneskanäle. Selbst. Keep the image semantically aligned to this exact beat; do not introduce claims not present in the narration. Avoid: occult cliché, tarot props, glowing chakras, neon sci-fi, cyberpunk, horror monster imagery, conspiracy corkboard, readable fake documents, modern consumer electronics unless requested, deformed hands, extra fingers, text artifacts.",G01,16:9,YES,GENERATE
IMG68,EP02,7,MAIN,EP02_V_086,"Cinematic investigative documentary reconstruction, late-20th-century research atmosphere, deep blue-black and graphite shadows, warm practical tungsten lamps, restrained cyan technical accents, tactile paper, brushed metal and glass, realistic optics, subtle film grain, sober mysterious mood, no fantasy magic, no supernatural glow, no text, no logos, no watermark, no synthetic portrait of a named real person, 16:9. Compose one strong documentary still that can hold 5-8 seconds with a subtle push-in. SUBJECT: audio waves producing modest measurable response, then dashed line stopping before out-of-body/time claims. NARRATION BEAT TO MATCH: wenn Behauptung eins in bestimmten Kontexten einen messbaren Effekt. Keep the image semantically aligned to this exact beat; do not introduce claims not present in the narration. Avoid: occult cliché, tarot props, glowing chakras, neon sci-fi, cyberpunk, horror monster imagery, conspiracy corkboard, readable fake documents, modern consumer electronics unless requested, deformed hands, extra fingers, text artifacts.",G01,16:9,YES,GENERATE
IMG69,EP02,7,MAIN,EP02_V_087,"Cinematic investigative documentary reconstruction, late-20th-century research atmosphere, deep blue-black and graphite shadows, warm practical tungsten lamps, restrained cyan technical accents, tactile paper, brushed metal and glass, realistic optics, subtle film grain, sober mysterious mood, no fantasy magic, no supernatural glow, no text, no logos, no watermark, no synthetic portrait of a named real person, 16:9. Compose one strong documentary still that can hold 5-8 seconds with a subtle push-in. SUBJECT: modern evidence matrix of binaural-beat outcomes: cognition, anxiety, pain, neural entrainment, mixed/heterogeneous findings. NARRATION BEAT TO MATCH: hat, ist Behauptung zwei damit nicht bewiesen. Der. Keep the image semantically aligned to this exact beat; do not introduce claims not present in the narration. Avoid: occult cliché, tarot props, glowing chakras, neon sci-fi, cyberpunk, horror monster imagery, conspiracy corkboard, readable fake documents, modern consumer electronics unless requested, deformed hands, extra fingers, text artifacts.",G01,16:9,YES,GENERATE
IMG70,EP02,7,MAIN,EP02_V_088,"Cinematic investigative documentary reconstruction, late-20th-century research atmosphere, deep blue-black and graphite shadows, warm practical tungsten lamps, restrained cyan technical accents, tactile paper, brushed metal and glass, realistic optics, subtle film grain, sober mysterious mood, no fantasy magic, no supernatural glow, no text, no logos, no watermark, no synthetic portrait of a named real person, 16:9. Compose one strong documentary still that can hold 5-8 seconds with a subtle push-in. SUBJECT: modern anonymous adult listening-study lab with EEG-style setup but no fake medical diagnosis. NARRATION BEAT TO MATCH: Sprung dazwischen ist der ganze Gateway-Mythos in einem Satz.. Keep the image semantically aligned to this exact beat; do not introduce claims not present in the narration. Avoid: occult cliché, tarot props, glowing chakras, neon sci-fi, cyberpunk, horror monster imagery, conspiracy corkboard, readable fake documents, modern consumer electronics unless requested, deformed hands, extra fingers, text artifacts.",G01,16:9,YES,GENERATE
IMG71,EP02,8,MAIN,EP02_V_089,"Cinematic investigative documentary reconstruction, late-20th-century research atmosphere, deep blue-black and graphite shadows, warm practical tungsten lamps, restrained cyan technical accents, tactile paper, brushed metal and glass, realistic optics, subtle film grain, sober mysterious mood, no fantasy magic, no supernatural glow, no text, no logos, no watermark, no synthetic portrait of a named real person, 16:9. Compose one strong documentary still that can hold 5-8 seconds with a subtle push-in. SUBJECT: four-level evidence residue card: report exists / claims described / research on sound exists / extraordinary operational efficacy not established. NARRATION BEAT TO MATCH: Was also ist der Gateway Process, wenn man die virale Geschichte. Keep the image semantically aligned to this exact beat; do not introduce claims not present in the narration. Avoid: occult cliché, tarot props, glowing chakras, neon sci-fi, cyberpunk, horror monster imagery, conspiracy corkboard, readable fake documents, modern consumer electronics unless requested, deformed hands, extra fingers, text artifacts.",G01; G09,16:9,YES,GENERATE
IMG72,EP02,8,MAIN,EP02_V_092,"Cinematic investigative documentary reconstruction, late-20th-century research atmosphere, deep blue-black and graphite shadows, warm practical tungsten lamps, restrained cyan technical accents, tactile paper, brushed metal and glass, realistic optics, subtle film grain, sober mysterious mood, no fantasy magic, no supernatural glow, no text, no logos, no watermark, no synthetic portrait of a named real person, 16:9. Compose one strong documentary still that can hold 5-8 seconds with a subtle push-in. SUBJECT: final graphic separating institutional interest from proof of extraordinary effect. NARRATION BEAT TO MATCH: ist, dass der Verfasser darin Hemi-Sync, veränderte Bewusstseinszustände, Focus 15, Focus 21,. Keep the image semantically aligned to this exact beat; do not introduce claims not present in the narration. Avoid: occult cliché, tarot props, glowing chakras, neon sci-fi, cyberpunk, horror monster imagery, conspiracy corkboard, readable fake documents, modern consumer electronics unless requested, deformed hands, extra fingers, text artifacts.",G01; G09,16:9,YES,GENERATE
IMG73,EP02,8,MAIN,EP02_V_093,"Cinematic investigative documentary reconstruction, late-20th-century research atmosphere, deep blue-black and graphite shadows, warm practical tungsten lamps, restrained cyan technical accents, tactile paper, brushed metal and glass, realistic optics, subtle film grain, sober mysterious mood, no fantasy magic, no supernatural glow, no text, no logos, no watermark, no synthetic portrait of a named real person, 16:9. Compose one strong documentary still that can hold 5-8 seconds with a subtle push-in. SUBJECT: empty government archive desk with report folder closed, quiet investigative ending. NARRATION BEAT TO MATCH: außerkörperliche Erfahrung und mögliche Informationsgewinnung diskutierte. Belegt ist auch, dass der. Keep the image semantically aligned to this exact beat; do not introduce claims not present in the narration. Avoid: occult cliché, tarot props, glowing chakras, neon sci-fi, cyberpunk, horror monster imagery, conspiracy corkboard, readable fake documents, modern consumer electronics unless requested, deformed hands, extra fingers, text artifacts.",G01; G09,16:9,YES,GENERATE
IMG74,EP02,8,MAIN,EP02_V_094,"Cinematic investigative documentary reconstruction, late-20th-century research atmosphere, deep blue-black and graphite shadows, warm practical tungsten lamps, restrained cyan technical accents, tactile paper, brushed metal and glass, realistic optics, subtle film grain, sober mysterious mood, no fantasy magic, no supernatural glow, no text, no logos, no watermark, no synthetic portrait of a named real person, 16:9. Compose one strong documentary still that can hold 5-8 seconds with a subtle push-in. SUBJECT: four-level evidence residue card: report exists / claims described / research on sound exists / extraordinary operational efficacy not established. NARRATION BEAT TO MATCH: Bericht weitere Experimente und mögliche praktische Anwendungen vorschlug. Nicht dadurch belegt ist. Keep the image semantically aligned to this exact beat; do not introduce claims not present in the narration. Avoid: occult cliché, tarot props, glowing chakras, neon sci-fi, cyberpunk, horror monster imagery, conspiracy corkboard, readable fake documents, modern consumer electronics unless requested, deformed hands, extra fingers, text artifacts.",G01; G09,16:9,YES,GENERATE
IMG75,EP02,8,MAIN,EP02_V_097,"Cinematic investigative documentary reconstruction, late-20th-century research atmosphere, deep blue-black and graphite shadows, warm practical tungsten lamps, restrained cyan technical accents, tactile paper, brushed metal and glass, realistic optics, subtle film grain, sober mysterious mood, no fantasy magic, no supernatural glow, no text, no logos, no watermark, no synthetic portrait of a named real person, 16:9. Compose one strong documentary still that can hold 5-8 seconds with a subtle push-in. SUBJECT: final graphic separating institutional interest from proof of extraordinary effect. NARRATION BEAT TO MATCH: etwas viel Präziseres: Auditive Stimulation kann eine ernsthafte Forschungsfrage sein. Daraus. Keep the image semantically aligned to this exact beat; do not introduce claims not present in the narration. Avoid: occult cliché, tarot props, glowing chakras, neon sci-fi, cyberpunk, horror monster imagery, conspiracy corkboard, readable fake documents, modern consumer electronics unless requested, deformed hands, extra fingers, text artifacts.",G01; G09,16:9,YES,GENERATE
IMG76,EP02,8,MAIN,EP02_V_098,"Cinematic investigative documentary reconstruction, late-20th-century research atmosphere, deep blue-black and graphite shadows, warm practical tungsten lamps, restrained cyan technical accents, tactile paper, brushed metal and glass, realistic optics, subtle film grain, sober mysterious mood, no fantasy magic, no supernatural glow, no text, no logos, no watermark, no synthetic portrait of a named real person, 16:9. Compose one strong documentary still that can hold 5-8 seconds with a subtle push-in. SUBJECT: empty government archive desk with report folder closed, quiet investigative ending. NARRATION BEAT TO MATCH: folgt noch keine Reise außerhalb von Raum und Zeit. Der eigentliche Grund,. Keep the image semantically aligned to this exact beat; do not introduce claims not present in the narration. Avoid: occult cliché, tarot props, glowing chakras, neon sci-fi, cyberpunk, horror monster imagery, conspiracy corkboard, readable fake documents, modern consumer electronics unless requested, deformed hands, extra fingers, text artifacts.",G01; G09,16:9,YES,GENERATE
IMG77,EP02,8,MAIN,EP02_V_099,"Cinematic investigative documentary reconstruction, late-20th-century research atmosphere, deep blue-black and graphite shadows, warm practical tungsten lamps, restrained cyan technical accents, tactile paper, brushed metal and glass, realistic optics, subtle film grain, sober mysterious mood, no fantasy magic, no supernatural glow, no text, no logos, no watermark, no synthetic portrait of a named real person, 16:9. Compose one strong documentary still that can hold 5-8 seconds with a subtle push-in. SUBJECT: four-level evidence residue card: report exists / claims described / research on sound exists / extraordinary operational efficacy not established. NARRATION BEAT TO MATCH: warum diese Akte so stark ist, liegt deshalb nicht darin, dass. Keep the image semantically aligned to this exact beat; do not introduce claims not present in the narration. Avoid: occult cliché, tarot props, glowing chakras, neon sci-fi, cyberpunk, horror monster imagery, conspiracy corkboard, readable fake documents, modern consumer electronics unless requested, deformed hands, extra fingers, text artifacts.",G01; G09,16:9,YES,GENERATE
IMG78,EP02,1,RESERVE,EP02_V_008,"Cinematic investigative documentary reconstruction, late-20th-century research atmosphere, deep blue-black and graphite shadows, warm practical tungsten lamps, restrained cyan technical accents, tactile paper, brushed metal and glass, realistic optics, subtle film grain, sober mysterious mood, no fantasy magic, no supernatural glow, no text, no logos, no watermark, no synthetic portrait of a named real person, 16:9. Alternative reserve: tighter detail/close angle, same factual staging and era. SUBJECT: anonymous Army intelligence officer in 1983 reading a thick assessment file at a plain government desk, face not identifiable. NARRATION BEAT TO MATCH: solche Zustände zur Informationsgewinnung nutzbar sein könnten. Die Akte existiert. Aber was genau beweist sie?. Keep the image semantically aligned to this exact beat; do not introduce claims not present in the narration. Avoid: occult cliché, tarot props, glowing chakras, neon sci-fi, cyberpunk, horror monster imagery, conspiracy corkboard, readable fake documents, modern consumer electronics unless requested, deformed hands, extra fingers, text artifacts.",G01; G09,16:9,YES,GENERATE_IF_NEEDED
IMG79,EP02,2,RESERVE,EP02_V_013,"Cinematic investigative documentary reconstruction, late-20th-century research atmosphere, deep blue-black and graphite shadows, warm practical tungsten lamps, restrained cyan technical accents, tactile paper, brushed metal and glass, realistic optics, subtle film grain, sober mysterious mood, no fantasy magic, no supernatural glow, no text, no logos, no watermark, no synthetic portrait of a named real person, 16:9. Alternative reserve: wider environmental angle, same factual staging and era. SUBJECT: myth correction graphic: CIA archive copy is not the same as CIA-authored technique. NARRATION BEAT TO MATCH: Kommandeur, er sei beauftragt worden, Gateway hinsichtlich Mechanik und praktischer Verwendbarkeit einzuschätzen.. Keep the image semantically aligned to this exact beat; do not introduce claims not present in the narration. Avoid: occult cliché, tarot props, glowing chakras, neon sci-fi, cyberpunk, horror monster imagery, conspiracy corkboard, readable fake documents, modern consumer electronics unless requested, deformed hands, extra fingers, text artifacts.",G01; G09,16:9,YES,GENERATE_IF_NEEDED
IMG80,EP02,2,RESERVE,EP02_V_018,"Cinematic investigative documentary reconstruction, late-20th-century research atmosphere, deep blue-black and graphite shadows, warm practical tungsten lamps, restrained cyan technical accents, tactile paper, brushed metal and glass, realistic optics, subtle film grain, sober mysterious mood, no fantasy magic, no supernatural glow, no text, no logos, no watermark, no synthetic portrait of a named real person, 16:9. Alternative reserve: overhead or top-down composition, same factual staging and era. SUBJECT: myth correction graphic: CIA archive copy is not the same as CIA-authored technique. NARRATION BEAT TO MATCH: Und genau hier wird das Dokument gleichzeitig faszinierend und gefährlich leicht misszuverstehen.. Keep the image semantically aligned to this exact beat; do not introduce claims not present in the narration. Avoid: occult cliché, tarot props, glowing chakras, neon sci-fi, cyberpunk, horror monster imagery, conspiracy corkboard, readable fake documents, modern consumer electronics unless requested, deformed hands, extra fingers, text artifacts.",G01; G09,16:9,YES,GENERATE_IF_NEEDED
IMG81,EP02,3,RESERVE,EP02_V_021,"Cinematic investigative documentary reconstruction, late-20th-century research atmosphere, deep blue-black and graphite shadows, warm practical tungsten lamps, restrained cyan technical accents, tactile paper, brushed metal and glass, realistic optics, subtle film grain, sober mysterious mood, no fantasy magic, no supernatural glow, no text, no logos, no watermark, no synthetic portrait of a named real person, 16:9. Alternative reserve: tighter detail/close angle, same factual staging and era. SUBJECT: macro close-up of analog stereo headphones and reel/cassette audio equipment, 1980s plausible. NARRATION BEAT TO MATCH: Gehirn kann daraus einen rhythmischen Eindruck erzeugen, der der Frequenzdifferenz. Keep the image semantically aligned to this exact beat; do not introduce claims not present in the narration. Avoid: occult cliché, tarot props, glowing chakras, neon sci-fi, cyberpunk, horror monster imagery, conspiracy corkboard, readable fake documents, modern consumer electronics unless requested, deformed hands, extra fingers, text artifacts.",G01,16:9,YES,GENERATE_IF_NEEDED
IMG82,EP02,3,RESERVE,EP02_V_024,"Cinematic investigative documentary reconstruction, late-20th-century research atmosphere, deep blue-black and graphite shadows, warm practical tungsten lamps, restrained cyan technical accents, tactile paper, brushed metal and glass, realistic optics, subtle film grain, sober mysterious mood, no fantasy magic, no supernatural glow, no text, no logos, no watermark, no synthetic portrait of a named real person, 16:9. Alternative reserve: wider environmental angle, same factual staging and era. SUBJECT: stereo audio diagram: left ear frequency, right ear frequency, perceived difference beat in center. NARRATION BEAT TO MATCH: nur Entspannung. Im Bericht werden verschiedene Focus-Zustände beschrieben: Stufen zunehmend. Keep the image semantically aligned to this exact beat; do not introduce claims not present in the narration. Avoid: occult cliché, tarot props, glowing chakras, neon sci-fi, cyberpunk, horror monster imagery, conspiracy corkboard, readable fake documents, modern consumer electronics unless requested, deformed hands, extra fingers, text artifacts.",G01,16:9,YES,GENERATE_IF_NEEDED
IMG83,EP02,3,RESERVE,EP02_V_027,"Cinematic investigative documentary reconstruction, late-20th-century research atmosphere, deep blue-black and graphite shadows, warm practical tungsten lamps, restrained cyan technical accents, tactile paper, brushed metal and glass, realistic optics, subtle film grain, sober mysterious mood, no fantasy magic, no supernatural glow, no text, no logos, no watermark, no synthetic portrait of a named real person, 16:9. Alternative reserve: overhead or top-down composition, same factual staging and era. SUBJECT: waveform animation still showing two sine waves and difference frequency, clean technical design. NARRATION BEAT TO MATCH: hierher kann man die Geschichte noch als intensive Form von. Keep the image semantically aligned to this exact beat; do not introduce claims not present in the narration. Avoid: occult cliché, tarot props, glowing chakras, neon sci-fi, cyberpunk, horror monster imagery, conspiracy corkboard, readable fake documents, modern consumer electronics unless requested, deformed hands, extra fingers, text artifacts.",G01,16:9,YES,GENERATE_IF_NEEDED
IMG84,EP02,3,RESERVE,EP02_V_030,"Cinematic investigative documentary reconstruction, late-20th-century research atmosphere, deep blue-black and graphite shadows, warm practical tungsten lamps, restrained cyan technical accents, tactile paper, brushed metal and glass, realistic optics, subtle film grain, sober mysterious mood, no fantasy magic, no supernatural glow, no text, no logos, no watermark, no synthetic portrait of a named real person, 16:9. Alternative reserve: tighter detail/close angle, same factual staging and era. SUBJECT: adult participant wearing period-correct over-ear headphones in a dim but clinical room, no mystical glow. NARRATION BEAT TO MATCH: Es soll die Frage öffnen, wo Bewusstsein überhaupt sein kann.. Keep the image semantically aligned to this exact beat; do not introduce claims not present in the narration. Avoid: occult cliché, tarot props, glowing chakras, neon sci-fi, cyberpunk, horror monster imagery, conspiracy corkboard, readable fake documents, modern consumer electronics unless requested, deformed hands, extra fingers, text artifacts.",G01,16:9,YES,GENERATE_IF_NEEDED
IMG85,EP02,4,RESERVE,EP02_V_033,"Cinematic investigative documentary reconstruction, late-20th-century research atmosphere, deep blue-black and graphite shadows, warm practical tungsten lamps, restrained cyan technical accents, tactile paper, brushed metal and glass, realistic optics, subtle film grain, sober mysterious mood, no fantasy magic, no supernatural glow, no text, no logos, no watermark, no synthetic portrait of a named real person, 16:9. Alternative reserve: wider environmental angle, same factual staging and era. SUBJECT: conceptual time corridor made from layered translucent frames, no magical portal, explicitly metaphorical. NARRATION BEAT TO MATCH: überschrieben ist. McDonnell schildert eine weitere Ausdehnung des Bewusstseins. Keep the image semantically aligned to this exact beat; do not introduce claims not present in the narration. Avoid: occult cliché, tarot props, glowing chakras, neon sci-fi, cyberpunk, horror monster imagery, conspiracy corkboard, readable fake documents, modern consumer electronics unless requested, deformed hands, extra fingers, text artifacts.",G01; G02-G08,16:9,YES,GENERATE_IF_NEEDED
IMG86,EP02,4,RESERVE,EP02_V_037,"Cinematic investigative documentary reconstruction, late-20th-century research atmosphere, deep blue-black and graphite shadows, warm practical tungsten lamps, restrained cyan technical accents, tactile paper, brushed metal and glass, realistic optics, subtle film grain, sober mysterious mood, no fantasy magic, no supernatural glow, no text, no logos, no watermark, no synthetic portrait of a named real person, 16:9. Alternative reserve: overhead or top-down composition, same factual staging and era. SUBJECT: adult participant reclining with headphones, eyes closed, room remains physically ordinary. NARRATION BEAT TO MATCH: eine Stufe weiter liegt Focus 21. Der Bericht. Keep the image semantically aligned to this exact beat; do not introduce claims not present in the narration. Avoid: occult cliché, tarot props, glowing chakras, neon sci-fi, cyberpunk, horror monster imagery, conspiracy corkboard, readable fake documents, modern consumer electronics unless requested, deformed hands, extra fingers, text artifacts.",G01; G02-G08,16:9,YES,GENERATE_IF_NEEDED
IMG87,EP02,4,RESERVE,EP02_V_041,"Cinematic investigative documentary reconstruction, late-20th-century research atmosphere, deep blue-black and graphite shadows, warm practical tungsten lamps, restrained cyan technical accents, tactile paper, brushed metal and glass, realistic optics, subtle film grain, sober mysterious mood, no fantasy magic, no supernatural glow, no text, no logos, no watermark, no synthetic portrait of a named real person, 16:9. Alternative reserve: tighter detail/close angle, same factual staging and era. SUBJECT: Focus-level ladder 10/12 -> 15 -> 21, with claimed past/future boundaries labeled by editor. NARRATION BEAT TO MATCH: in ihr. Aber wir müssen zwei Dinge auseinanderhalten.. Keep the image semantically aligned to this exact beat; do not introduce claims not present in the narration. Avoid: occult cliché, tarot props, glowing chakras, neon sci-fi, cyberpunk, horror monster imagery, conspiracy corkboard, readable fake documents, modern consumer electronics unless requested, deformed hands, extra fingers, text artifacts.",G01; G02-G08,16:9,YES,GENERATE_IF_NEEDED
IMG88,EP02,4,RESERVE,EP02_V_045,"Cinematic investigative documentary reconstruction, late-20th-century research atmosphere, deep blue-black and graphite shadows, warm practical tungsten lamps, restrained cyan technical accents, tactile paper, brushed metal and glass, realistic optics, subtle film grain, sober mysterious mood, no fantasy magic, no supernatural glow, no text, no logos, no watermark, no synthetic portrait of a named real person, 16:9. Alternative reserve: wider environmental angle, same factual staging and era. SUBJECT: split conceptual image of remembered past and imagined future around a still seated participant. NARRATION BEAT TO MATCH: außerkörperlichen Zustand gewinnen können. Die Existenz eines geheimnisvollen. Keep the image semantically aligned to this exact beat; do not introduce claims not present in the narration. Avoid: occult cliché, tarot props, glowing chakras, neon sci-fi, cyberpunk, horror monster imagery, conspiracy corkboard, readable fake documents, modern consumer electronics unless requested, deformed hands, extra fingers, text artifacts.",G01; G02-G08,16:9,YES,GENERATE_IF_NEEDED
IMG89,EP02,5,RESERVE,EP02_V_049,"Cinematic investigative documentary reconstruction, late-20th-century research atmosphere, deep blue-black and graphite shadows, warm practical tungsten lamps, restrained cyan technical accents, tactile paper, brushed metal and glass, realistic optics, subtle film grain, sober mysterious mood, no fantasy magic, no supernatural glow, no text, no logos, no watermark, no synthetic portrait of a named real person, 16:9. Alternative reserve: overhead or top-down composition, same factual staging and era. SUBJECT: anonymous analysts comparing independent descriptions of the same target on a table. NARRATION BEAT TO MATCH: schlägt der Bericht weitere Experimente vor. Unter anderem soll. Keep the image semantically aligned to this exact beat; do not introduce claims not present in the narration. Avoid: occult cliché, tarot props, glowing chakras, neon sci-fi, cyberpunk, horror monster imagery, conspiracy corkboard, readable fake documents, modern consumer electronics unless requested, deformed hands, extra fingers, text artifacts.",G01,16:9,YES,GENERATE_IF_NEEDED
IMG90,EP02,5,RESERVE,EP02_V_053,"Cinematic investigative documentary reconstruction, late-20th-century research atmosphere, deep blue-black and graphite shadows, warm practical tungsten lamps, restrained cyan technical accents, tactile paper, brushed metal and glass, realistic optics, subtle film grain, sober mysterious mood, no fantasy magic, no supernatural glow, no text, no logos, no watermark, no synthetic portrait of a named real person, 16:9. Alternative reserve: tighter detail/close angle, same factual staging and era. SUBJECT: three-observer/multi-focus information collection diagram. NARRATION BEAT TO MATCH: Ziel aus unterschiedlichen Zuständen betrachten — eine in normaler. Keep the image semantically aligned to this exact beat; do not introduce claims not present in the narration. Avoid: occult cliché, tarot props, glowing chakras, neon sci-fi, cyberpunk, horror monster imagery, conspiracy corkboard, readable fake documents, modern consumer electronics unless requested, deformed hands, extra fingers, text artifacts.",G01,16:9,YES,GENERATE_IF_NEEDED
IMG91,EP02,5,RESERVE,EP02_V_056,"Cinematic investigative documentary reconstruction, late-20th-century research atmosphere, deep blue-black and graphite shadows, warm practical tungsten lamps, restrained cyan technical accents, tactile paper, brushed metal and glass, realistic optics, subtle film grain, sober mysterious mood, no fantasy magic, no supernatural glow, no text, no logos, no watermark, no synthetic portrait of a named real person, 16:9. Alternative reserve: wider environmental angle, same factual staging and era. SUBJECT: workflow: training -> session -> independent observations -> comparison -> evaluation. NARRATION BEAT TO MATCH: klingt wie Science-Fiction. Im Dokument ist es als experimentelle. Keep the image semantically aligned to this exact beat; do not introduce claims not present in the narration. Avoid: occult cliché, tarot props, glowing chakras, neon sci-fi, cyberpunk, horror monster imagery, conspiracy corkboard, readable fake documents, modern consumer electronics unless requested, deformed hands, extra fingers, text artifacts.",G01,16:9,YES,GENERATE_IF_NEEDED
IMG92,EP02,5,RESERVE,EP02_V_060,"Cinematic investigative documentary reconstruction, late-20th-century research atmosphere, deep blue-black and graphite shadows, warm practical tungsten lamps, restrained cyan technical accents, tactile paper, brushed metal and glass, realistic optics, subtle film grain, sober mysterious mood, no fantasy magic, no supernatural glow, no text, no logos, no watermark, no synthetic portrait of a named real person, 16:9. Alternative reserve: overhead or top-down composition, same factual staging and era. SUBJECT: period 1980s operations room with maps intentionally out of readable focus, no logos. NARRATION BEAT TO MATCH: dass ein solcher Informationskanal zuverlässig funktionierte oder operativ eingesetzt. Keep the image semantically aligned to this exact beat; do not introduce claims not present in the narration. Avoid: occult cliché, tarot props, glowing chakras, neon sci-fi, cyberpunk, horror monster imagery, conspiracy corkboard, readable fake documents, modern consumer electronics unless requested, deformed hands, extra fingers, text artifacts.",G01,16:9,YES,GENERATE_IF_NEEDED
IMG93,EP02,6,RESERVE,EP02_V_063,"Cinematic investigative documentary reconstruction, late-20th-century research atmosphere, deep blue-black and graphite shadows, warm practical tungsten lamps, restrained cyan technical accents, tactile paper, brushed metal and glass, realistic optics, subtle film grain, sober mysterious mood, no fantasy magic, no supernatural glow, no text, no logos, no watermark, no synthetic portrait of a named real person, 16:9. Alternative reserve: tighter detail/close angle, same factual staging and era. SUBJECT: participant in headphones opens eyes in surprise but remains calm, realistic room. NARRATION BEAT TO MATCH: sollten intellektuell darauf vorbereitet sein, bei einer Überschreitung von Raum-Zeit-Grenzen möglicherweise. Keep the image semantically aligned to this exact beat; do not introduce claims not present in the narration. Avoid: occult cliché, tarot props, glowing chakras, neon sci-fi, cyberpunk, horror monster imagery, conspiracy corkboard, readable fake documents, modern consumer electronics unless requested, deformed hands, extra fingers, text artifacts.",G01,16:9,YES,GENERATE_IF_NEEDED
