generation_id,episode,scene,role,cue_id,prompt,reference_assets,aspect,do_not_use_as_evidence,status
IMG01,EP01,1,MAIN,EP01_V_002,"Cinematic investigative documentary reconstruction, late-20th-century research atmosphere, deep blue-black and graphite shadows, warm practical tungsten lamps, restrained cyan technical accents, tactile paper, brushed metal and glass, realistic optics, subtle film grain, sober mysterious mood, no fantasy magic, no supernatural glow, no text, no logos, no watermark, no synthetic portrait of a named real person, 16:9. Compose one strong documentary still that can hold 5-8 seconds with a subtle push-in. SUBJECT: anonymous adult test subject seated inside a near-three-meter polished aluminum spiral chamber, camera outside the opening. NARRATION BEAT TO MATCH: Fast drei Meter hohe, gebogene Aluminiumplatten. Innen poliert. Zu einer Spirale verbunden. Ein Mensch sitzt im. Keep the image semantically aligned to this exact beat; do not introduce claims not present in the narration. Avoid: occult cliché, tarot props, glowing chakras, neon sci-fi, cyberpunk, horror monster imagery, conspiracy corkboard, readable fake documents, modern consumer electronics unless requested, deformed hands, extra fingers, text artifacts.",K04; K05; K03,16:9,YES,GENERATE
IMG02,EP01,1,MAIN,EP01_V_003,"Cinematic investigative documentary reconstruction, late-20th-century research atmosphere, deep blue-black and graphite shadows, warm practical tungsten lamps, restrained cyan technical accents, tactile paper, brushed metal and glass, realistic optics, subtle film grain, sober mysterious mood, no fantasy magic, no supernatural glow, no text, no logos, no watermark, no synthetic portrait of a named real person, 16:9. Compose one strong documentary still that can hold 5-8 seconds with a subtle push-in. SUBJECT: clean engineering cutaway of curved aluminum plates forming a spiral around a seated human silhouette. NARRATION BEAT TO MATCH: Zentrum. Heute kennt man diese Konstruktionen als Kozyrev-Spiegel. Und das Merkwürdige ist nicht nur die Geschichte,. Keep the image semantically aligned to this exact beat; do not introduce claims not present in the narration. Avoid: occult cliché, tarot props, glowing chakras, neon sci-fi, cyberpunk, horror monster imagery, conspiracy corkboard, readable fake documents, modern consumer electronics unless requested, deformed hands, extra fingers, text artifacts.",K04; K05; K03,16:9,YES,GENERATE
IMG03,EP01,1,MAIN,EP01_V_005,"Cinematic investigative documentary reconstruction, late-20th-century research atmosphere, deep blue-black and graphite shadows, warm practical tungsten lamps, restrained cyan technical accents, tactile paper, brushed metal and glass, realistic optics, subtle film grain, sober mysterious mood, no fantasy magic, no supernatural glow, no text, no logos, no watermark, no synthetic portrait of a named real person, 16:9. Compose one strong documentary still that can hold 5-8 seconds with a subtle push-in. SUBJECT: wide laboratory reconstruction of a physically plausible Kozyrev-mirror-like apparatus in a modest 1990s Russian research room. NARRATION BEAT TO MATCH: russisches Patent. RU2122446C1. Eingereicht 1996 von Vlail Kaznacheev und Alexander Trofimov. Doch schon auf der ersten. Keep the image semantically aligned to this exact beat; do not introduce claims not present in the narration. Avoid: occult cliché, tarot props, glowing chakras, neon sci-fi, cyberpunk, horror monster imagery, conspiracy corkboard, readable fake documents, modern consumer electronics unless requested, deformed hands, extra fingers, text artifacts.",K04; K05; K03,16:9,YES,GENERATE
IMG04,EP01,1,MAIN,EP01_V_007,"Cinematic investigative documentary reconstruction, late-20th-century research atmosphere, deep blue-black and graphite shadows, warm practical tungsten lamps, restrained cyan technical accents, tactile paper, brushed metal and glass, realistic optics, subtle film grain, sober mysterious mood, no fantasy magic, no supernatural glow, no text, no logos, no watermark, no synthetic portrait of a named real person, 16:9. Compose one strong documentary still that can hold 5-8 seconds with a subtle push-in. SUBJECT: anonymous adult test subject seated inside a near-three-meter polished aluminum spiral chamber, camera outside the opening. NARRATION BEAT TO MATCH: Erkrankungen. Wie wird aus so einem Patent eine Maschine, die angeblich Zeit und Entfernung verändern kann?. Keep the image semantically aligned to this exact beat; do not introduce claims not present in the narration. Avoid: occult cliché, tarot props, glowing chakras, neon sci-fi, cyberpunk, horror monster imagery, conspiracy corkboard, readable fake documents, modern consumer electronics unless requested, deformed hands, extra fingers, text artifacts.",K04; K05; K03,16:9,YES,GENERATE
IMG05,EP01,2,MAIN,EP01_V_009,"Cinematic investigative documentary reconstruction, late-20th-century research atmosphere, deep blue-black and graphite shadows, warm practical tungsten lamps, restrained cyan technical accents, tactile paper, brushed metal and glass, realistic optics, subtle film grain, sober mysterious mood, no fantasy magic, no supernatural glow, no text, no logos, no watermark, no synthetic portrait of a named real person, 16:9. Compose one strong documentary still that can hold 5-8 seconds with a subtle push-in. SUBJECT: minimal chronological timeline 1908-1983-1996-1998 with portrait and patent milestones. NARRATION BEAT TO MATCH: Astronom und Astrophysiker. Er starb 1983 — mehr als ein Jahrzehnt bevor. Keep the image semantically aligned to this exact beat; do not introduce claims not present in the narration. Avoid: occult cliché, tarot props, glowing chakras, neon sci-fi, cyberpunk, horror monster imagery, conspiracy corkboard, readable fake documents, modern consumer electronics unless requested, deformed hands, extra fingers, text artifacts.",K01; K07; K06,16:9,YES,GENERATE
IMG06,EP01,2,MAIN,EP01_V_011,"Cinematic investigative documentary reconstruction, late-20th-century research atmosphere, deep blue-black and graphite shadows, warm practical tungsten lamps, restrained cyan technical accents, tactile paper, brushed metal and glass, realistic optics, subtle film grain, sober mysterious mood, no fantasy magic, no supernatural glow, no text, no logos, no watermark, no synthetic portrait of a named real person, 16:9. Compose one strong documentary still that can hold 5-8 seconds with a subtle push-in. SUBJECT: anonymous Soviet-era astronomer seen from behind at a large telescope, no identifiable face, 1960s observatory interior. NARRATION BEAT TO MATCH: Sein Name kam auf einem anderen Weg hinein. Kozyrev beschäftigte sich. Keep the image semantically aligned to this exact beat; do not introduce claims not present in the narration. Avoid: occult cliché, tarot props, glowing chakras, neon sci-fi, cyberpunk, horror monster imagery, conspiracy corkboard, readable fake documents, modern consumer electronics unless requested, deformed hands, extra fingers, text artifacts.",K01; K07; K06,16:9,YES,GENERATE
IMG07,EP01,2,MAIN,EP01_V_012,"Cinematic investigative documentary reconstruction, late-20th-century research atmosphere, deep blue-black and graphite shadows, warm practical tungsten lamps, restrained cyan technical accents, tactile paper, brushed metal and glass, realistic optics, subtle film grain, sober mysterious mood, no fantasy magic, no supernatural glow, no text, no logos, no watermark, no synthetic portrait of a named real person, 16:9. Compose one strong documentary still that can hold 5-8 seconds with a subtle push-in. SUBJECT: conceptual diagram separating Kozyrev time theory, later researchers, and the mirror apparatus into three distinct branches. NARRATION BEAT TO MATCH: mit einer ungewöhnlichen Vorstellung von Zeit. Für ihn war Zeit nicht nur. Keep the image semantically aligned to this exact beat; do not introduce claims not present in the narration. Avoid: occult cliché, tarot props, glowing chakras, neon sci-fi, cyberpunk, horror monster imagery, conspiracy corkboard, readable fake documents, modern consumer electronics unless requested, deformed hands, extra fingers, text artifacts.",K01; K07; K06,16:9,YES,GENERATE
IMG08,EP01,2,MAIN,EP01_V_014,"Cinematic investigative documentary reconstruction, late-20th-century research atmosphere, deep blue-black and graphite shadows, warm practical tungsten lamps, restrained cyan technical accents, tactile paper, brushed metal and glass, realistic optics, subtle film grain, sober mysterious mood, no fantasy magic, no supernatural glow, no text, no logos, no watermark, no synthetic portrait of a named real person, 16:9. Compose one strong documentary still that can hold 5-8 seconds with a subtle push-in. SUBJECT: minimal chronological timeline 1908-1983-1996-1998 with portrait and patent milestones. NARRATION BEAT TO MATCH: er sie wie etwas, das physikalisch wirksam sein könnte — etwas, dessen. Keep the image semantically aligned to this exact beat; do not introduce claims not present in the narration. Avoid: occult cliché, tarot props, glowing chakras, neon sci-fi, cyberpunk, horror monster imagery, conspiracy corkboard, readable fake documents, modern consumer electronics unless requested, deformed hands, extra fingers, text artifacts.",K01; K07; K06,16:9,YES,GENERATE
IMG09,EP01,2,MAIN,EP01_V_016,"Cinematic investigative documentary reconstruction, late-20th-century research atmosphere, deep blue-black and graphite shadows, warm practical tungsten lamps, restrained cyan technical accents, tactile paper, brushed metal and glass, realistic optics, subtle film grain, sober mysterious mood, no fantasy magic, no supernatural glow, no text, no logos, no watermark, no synthetic portrait of a named real person, 16:9. Compose one strong documentary still that can hold 5-8 seconds with a subtle push-in. SUBJECT: anonymous Soviet-era astronomer seen from behind at a large telescope, no identifiable face, 1960s observatory interior. NARRATION BEAT TO MATCH: solche Vorstellungen auf und verbanden sie mit eigenen Ideen über Mensch,. Keep the image semantically aligned to this exact beat; do not introduce claims not present in the narration. Avoid: occult cliché, tarot props, glowing chakras, neon sci-fi, cyberpunk, horror monster imagery, conspiracy corkboard, readable fake documents, modern consumer electronics unless requested, deformed hands, extra fingers, text artifacts.",K01; K07; K06,16:9,YES,GENERATE
IMG10,EP01,2,MAIN,EP01_V_017,"Cinematic investigative documentary reconstruction, late-20th-century research atmosphere, deep blue-black and graphite shadows, warm practical tungsten lamps, restrained cyan technical accents, tactile paper, brushed metal and glass, realistic optics, subtle film grain, sober mysterious mood, no fantasy magic, no supernatural glow, no text, no logos, no watermark, no synthetic portrait of a named real person, 16:9. Compose one strong documentary still that can hold 5-8 seconds with a subtle push-in. SUBJECT: conceptual diagram separating Kozyrev time theory, later researchers, and the mirror apparatus into three distinct branches. NARRATION BEAT TO MATCH: Umwelt und Information. Das ist wichtig, weil im Internet oft drei Geschichten. Keep the image semantically aligned to this exact beat; do not introduce claims not present in the narration. Avoid: occult cliché, tarot props, glowing chakras, neon sci-fi, cyberpunk, horror monster imagery, conspiracy corkboard, readable fake documents, modern consumer electronics unless requested, deformed hands, extra fingers, text artifacts.",K01; K07; K06,16:9,YES,GENERATE
IMG11,EP01,2,MAIN,EP01_V_019,"Cinematic investigative documentary reconstruction, late-20th-century research atmosphere, deep blue-black and graphite shadows, warm practical tungsten lamps, restrained cyan technical accents, tactile paper, brushed metal and glass, realistic optics, subtle film grain, sober mysterious mood, no fantasy magic, no supernatural glow, no text, no logos, no watermark, no synthetic portrait of a named real person, 16:9. Compose one strong documentary still that can hold 5-8 seconds with a subtle push-in. SUBJECT: minimal chronological timeline 1908-1983-1996-1998 with portrait and patent milestones. NARRATION BEAT TO MATCH: die heute sogenannten Kozyrev-Spiegel. Für diese Folge trennen wir sie wieder auseinander.. Keep the image semantically aligned to this exact beat; do not introduce claims not present in the narration. Avoid: occult cliché, tarot props, glowing chakras, neon sci-fi, cyberpunk, horror monster imagery, conspiracy corkboard, readable fake documents, modern consumer electronics unless requested, deformed hands, extra fingers, text artifacts.",K01; K07; K06,16:9,YES,GENERATE
IMG12,EP01,3,MAIN,EP01_V_021,"Cinematic investigative documentary reconstruction, late-20th-century research atmosphere, deep blue-black and graphite shadows, warm practical tungsten lamps, restrained cyan technical accents, tactile paper, brushed metal and glass, realistic optics, subtle film grain, sober mysterious mood, no fantasy magic, no supernatural glow, no text, no logos, no watermark, no synthetic portrait of a named real person, 16:9. Compose one strong documentary still that can hold 5-8 seconds with a subtle push-in. SUBJECT: precise vector reconstruction of plate height 2.80m, width 1.20m, curved focus point 50cm forward. NARRATION BEAT TO MATCH: von bis zu 2,80 Metern und einer Breite von 1,20 Metern.. Keep the image semantically aligned to this exact beat; do not introduce claims not present in the narration. Avoid: occult cliché, tarot props, glowing chakras, neon sci-fi, cyberpunk, horror monster imagery, conspiracy corkboard, readable fake documents, modern consumer electronics unless requested, deformed hands, extra fingers, text artifacts.",K04; K05; K03,16:9,YES,GENERATE
IMG13,EP01,3,MAIN,EP01_V_022,"Cinematic investigative documentary reconstruction, late-20th-century research atmosphere, deep blue-black and graphite shadows, warm practical tungsten lamps, restrained cyan technical accents, tactile paper, brushed metal and glass, realistic optics, subtle film grain, sober mysterious mood, no fantasy magic, no supernatural glow, no text, no logos, no watermark, no synthetic portrait of a named real person, 16:9. Compose one strong documentary still that can hold 5-8 seconds with a subtle push-in. SUBJECT: photoreal reconstruction of four-to-ten curved aluminum elements assembled into an open cylinder or spiral. NARRATION BEAT TO MATCH: Ihre Innenseite soll geschliffen beziehungsweise poliert sein. Die Krümmung soll einen Fokus. Keep the image semantically aligned to this exact beat; do not introduce claims not present in the narration. Avoid: occult cliché, tarot props, glowing chakras, neon sci-fi, cyberpunk, horror monster imagery, conspiracy corkboard, readable fake documents, modern consumer electronics unless requested, deformed hands, extra fingers, text artifacts.",K04; K05; K03,16:9,YES,GENERATE
IMG14,EP01,3,MAIN,EP01_V_023,"Cinematic investigative documentary reconstruction, late-20th-century research atmosphere, deep blue-black and graphite shadows, warm practical tungsten lamps, restrained cyan technical accents, tactile paper, brushed metal and glass, realistic optics, subtle film grain, sober mysterious mood, no fantasy magic, no supernatural glow, no text, no logos, no watermark, no synthetic portrait of a named real person, 16:9. Compose one strong documentary still that can hold 5-8 seconds with a subtle push-in. SUBJECT: macro view of motorized circular base, steel fasteners and aluminum panels, plausible engineering detail. NARRATION BEAT TO MATCH: ungefähr fünfzig Zentimeter vor der Arbeitsfläche erzeugen. Vier bis zehn dieser. Keep the image semantically aligned to this exact beat; do not introduce claims not present in the narration. Avoid: occult cliché, tarot props, glowing chakras, neon sci-fi, cyberpunk, horror monster imagery, conspiracy corkboard, readable fake documents, modern consumer electronics unless requested, deformed hands, extra fingers, text artifacts.",K04; K05; K03,16:9,YES,GENERATE
IMG15,EP01,3,MAIN,EP01_V_024,"Cinematic investigative documentary reconstruction, late-20th-century research atmosphere, deep blue-black and graphite shadows, warm practical tungsten lamps, restrained cyan technical accents, tactile paper, brushed metal and glass, realistic optics, subtle film grain, sober mysterious mood, no fantasy magic, no supernatural glow, no text, no logos, no watermark, no synthetic portrait of a named real person, 16:9. Compose one strong documentary still that can hold 5-8 seconds with a subtle push-in. SUBJECT: top-down technical diagram comparing left-handed and right-handed spiral configurations. NARRATION BEAT TO MATCH: Elemente können zu einem offenen Zylinder oder zu einer links- beziehungsweise. Keep the image semantically aligned to this exact beat; do not introduce claims not present in the narration. Avoid: occult cliché, tarot props, glowing chakras, neon sci-fi, cyberpunk, horror monster imagery, conspiracy corkboard, readable fake documents, modern consumer electronics unless requested, deformed hands, extra fingers, text artifacts.",K04; K05; K03,16:9,YES,GENERATE
IMG16,EP01,3,MAIN,EP01_V_026,"Cinematic investigative documentary reconstruction, late-20th-century research atmosphere, deep blue-black and graphite shadows, warm practical tungsten lamps, restrained cyan technical accents, tactile paper, brushed metal and glass, realistic optics, subtle film grain, sober mysterious mood, no fantasy magic, no supernatural glow, no text, no logos, no watermark, no synthetic portrait of a named real person, 16:9. Compose one strong documentary still that can hold 5-8 seconds with a subtle push-in. SUBJECT: precise vector reconstruction of plate height 2.80m, width 1.20m, curved focus point 50cm forward. NARRATION BEAT TO MATCH: sogar auf einer motorisierten Plattform und kann rotieren. Das ist kein vages. Keep the image semantically aligned to this exact beat; do not introduce claims not present in the narration. Avoid: occult cliché, tarot props, glowing chakras, neon sci-fi, cyberpunk, horror monster imagery, conspiracy corkboard, readable fake documents, modern consumer electronics unless requested, deformed hands, extra fingers, text artifacts.",K04; K05; K03,16:9,YES,GENERATE
IMG17,EP01,3,MAIN,EP01_V_027,"Cinematic investigative documentary reconstruction, late-20th-century research atmosphere, deep blue-black and graphite shadows, warm practical tungsten lamps, restrained cyan technical accents, tactile paper, brushed metal and glass, realistic optics, subtle film grain, sober mysterious mood, no fantasy magic, no supernatural glow, no text, no logos, no watermark, no synthetic portrait of a named real person, 16:9. Compose one strong documentary still that can hold 5-8 seconds with a subtle push-in. SUBJECT: photoreal reconstruction of four-to-ten curved aluminum elements assembled into an open cylinder or spiral. NARRATION BEAT TO MATCH: New-Age-Diagramm. Es sind Maße, Schrauben, Platten, Krümmungsradien und ein Platz, an. Keep the image semantically aligned to this exact beat; do not introduce claims not present in the narration. Avoid: occult cliché, tarot props, glowing chakras, neon sci-fi, cyberpunk, horror monster imagery, conspiracy corkboard, readable fake documents, modern consumer electronics unless requested, deformed hands, extra fingers, text artifacts.",K04; K05; K03,16:9,YES,GENERATE
IMG18,EP01,3,MAIN,EP01_V_028,"Cinematic investigative documentary reconstruction, late-20th-century research atmosphere, deep blue-black and graphite shadows, warm practical tungsten lamps, restrained cyan technical accents, tactile paper, brushed metal and glass, realistic optics, subtle film grain, sober mysterious mood, no fantasy magic, no supernatural glow, no text, no logos, no watermark, no synthetic portrait of a named real person, 16:9. Compose one strong documentary still that can hold 5-8 seconds with a subtle push-in. SUBJECT: macro view of motorized circular base, steel fasteners and aluminum panels, plausible engineering detail. NARRATION BEAT TO MATCH: dem ein Mensch sitzen soll. Dann wechselt der Text die Ebene.. Keep the image semantically aligned to this exact beat; do not introduce claims not present in the narration. Avoid: occult cliché, tarot props, glowing chakras, neon sci-fi, cyberpunk, horror monster imagery, conspiracy corkboard, readable fake documents, modern consumer electronics unless requested, deformed hands, extra fingers, text artifacts.",K04; K05; K03,16:9,YES,GENERATE
IMG19,EP01,3,MAIN,EP01_V_029,"Cinematic investigative documentary reconstruction, late-20th-century research atmosphere, deep blue-black and graphite shadows, warm practical tungsten lamps, restrained cyan technical accents, tactile paper, brushed metal and glass, realistic optics, subtle film grain, sober mysterious mood, no fantasy magic, no supernatural glow, no text, no logos, no watermark, no synthetic portrait of a named real person, 16:9. Compose one strong documentary still that can hold 5-8 seconds with a subtle push-in. SUBJECT: top-down technical diagram comparing left-handed and right-handed spiral configurations. NARRATION BEAT TO MATCH: Die Erfinder nehmen an, dass die Konstruktion elektromagnetische und andere Felder. Keep the image semantically aligned to this exact beat; do not introduce claims not present in the narration. Avoid: occult cliché, tarot props, glowing chakras, neon sci-fi, cyberpunk, horror monster imagery, conspiracy corkboard, readable fake documents, modern consumer electronics unless requested, deformed hands, extra fingers, text artifacts.",K04; K05; K03,16:9,YES,GENERATE
IMG20,EP01,3,MAIN,EP01_V_031,"Cinematic investigative documentary reconstruction, late-20th-century research atmosphere, deep blue-black and graphite shadows, warm practical tungsten lamps, restrained cyan technical accents, tactile paper, brushed metal and glass, realistic optics, subtle film grain, sober mysterious mood, no fantasy magic, no supernatural glow, no text, no logos, no watermark, no synthetic portrait of a named real person, 16:9. Compose one strong documentary still that can hold 5-8 seconds with a subtle push-in. SUBJECT: precise vector reconstruction of plate height 2.80m, width 1.20m, curved focus point 50cm forward. NARRATION BEAT TO MATCH: Behandlungen sollten sogar an Neu- und Vollmond sowie an magneto-ionosphärischen Bedingungen. Keep the image semantically aligned to this exact beat; do not introduce claims not present in the narration. Avoid: occult cliché, tarot props, glowing chakras, neon sci-fi, cyberpunk, horror monster imagery, conspiracy corkboard, readable fake documents, modern consumer electronics unless requested, deformed hands, extra fingers, text artifacts.",K04; K05; K03,16:9,YES,GENERATE
IMG21,EP01,3,MAIN,EP01_V_032,"Cinematic investigative documentary reconstruction, late-20th-century research atmosphere, deep blue-black and graphite shadows, warm practical tungsten lamps, restrained cyan technical accents, tactile paper, brushed metal and glass, realistic optics, subtle film grain, sober mysterious mood, no fantasy magic, no supernatural glow, no text, no logos, no watermark, no synthetic portrait of a named real person, 16:9. Compose one strong documentary still that can hold 5-8 seconds with a subtle push-in. SUBJECT: photoreal reconstruction of four-to-ten curved aluminum elements assembled into an open cylinder or spiral. NARRATION BEAT TO MATCH: ausgerichtet werden. Das ist die Behauptung des Patents. Nicht unser Befund.. Keep the image semantically aligned to this exact beat; do not introduce claims not present in the narration. Avoid: occult cliché, tarot props, glowing chakras, neon sci-fi, cyberpunk, horror monster imagery, conspiracy corkboard, readable fake documents, modern consumer electronics unless requested, deformed hands, extra fingers, text artifacts.",K04; K05; K03,16:9,YES,GENERATE
IMG22,EP01,4,MAIN,EP01_V_033,"Cinematic investigative documentary reconstruction, late-20th-century research atmosphere, deep blue-black and graphite shadows, warm practical tungsten lamps, restrained cyan technical accents, tactile paper, brushed metal and glass, realistic optics, subtle film grain, sober mysterious mood, no fantasy magic, no supernatural glow, no text, no logos, no watermark, no synthetic portrait of a named real person, 16:9. Compose one strong documentary still that can hold 5-8 seconds with a subtle push-in. SUBJECT: anonymous 1990s Russian researchers taking notes beside an aluminum spiral apparatus, no named faces. NARRATION BEAT TO MATCH: Aber die Geschichte blieb nicht bei Blutdruck, Schlaf. Keep the image semantically aligned to this exact beat; do not introduce claims not present in the narration. Avoid: occult cliché, tarot props, glowing chakras, neon sci-fi, cyberpunk, horror monster imagery, conspiracy corkboard, readable fake documents, modern consumer electronics unless requested, deformed hands, extra fingers, text artifacts.",K03; K04,16:9,YES,GENERATE
IMG23,EP01,4,MAIN,EP01_V_035,"Cinematic investigative documentary reconstruction, late-20th-century research atmosphere, deep blue-black and graphite shadows, warm practical tungsten lamps, restrained cyan technical accents, tactile paper, brushed metal and glass, realistic optics, subtle film grain, sober mysterious mood, no fantasy magic, no supernatural glow, no text, no logos, no watermark, no synthetic portrait of a named real person, 16:9. Compose one strong documentary still that can hold 5-8 seconds with a subtle push-in. SUBJECT: restrained visual metaphor of distant information: two separated locations connected by a thin dotted line through darkness, clearly conceptual. NARRATION BEAT TO MATCH: und Trofimov taucht ein deutlich größerer Anspruch auf.. Keep the image semantically aligned to this exact beat; do not introduce claims not present in the narration. Avoid: occult cliché, tarot props, glowing chakras, neon sci-fi, cyberpunk, horror monster imagery, conspiracy corkboard, readable fake documents, modern consumer electronics unless requested, deformed hands, extra fingers, text artifacts.",K03; K04,16:9,YES,GENERATE
IMG24,EP01,4,MAIN,EP01_V_036,"Cinematic investigative documentary reconstruction, late-20th-century research atmosphere, deep blue-black and graphite shadows, warm practical tungsten lamps, restrained cyan technical accents, tactile paper, brushed metal and glass, realistic optics, subtle film grain, sober mysterious mood, no fantasy magic, no supernatural glow, no text, no logos, no watermark, no synthetic portrait of a named real person, 16:9. Compose one strong documentary still that can hold 5-8 seconds with a subtle push-in. SUBJECT: adult participant sitting quietly inside a reflective aluminum chamber, eyes closed, restrained documentary realism. NARRATION BEAT TO MATCH: Sie sprechen von einem modellierten „Kozyrev-Raum“, von Fern-Information, veränderter. Keep the image semantically aligned to this exact beat; do not introduce claims not present in the narration. Avoid: occult cliché, tarot props, glowing chakras, neon sci-fi, cyberpunk, horror monster imagery, conspiracy corkboard, readable fake documents, modern consumer electronics unless requested, deformed hands, extra fingers, text artifacts.",K03; K04,16:9,YES,GENERATE
IMG25,EP01,4,MAIN,EP01_V_037,"Cinematic investigative documentary reconstruction, late-20th-century research atmosphere, deep blue-black and graphite shadows, warm practical tungsten lamps, restrained cyan technical accents, tactile paper, brushed metal and glass, realistic optics, subtle film grain, sober mysterious mood, no fantasy magic, no supernatural glow, no text, no logos, no watermark, no synthetic portrait of a named real person, 16:9. Compose one strong documentary still that can hold 5-8 seconds with a subtle push-in. SUBJECT: diagram showing ordinary sensory path versus claimed distant-information path, solid line versus dashed line. NARRATION BEAT TO MATCH: innerer Zeitwahrnehmung und von Experimenten, in denen Menschen. Keep the image semantically aligned to this exact beat; do not introduce claims not present in the narration. Avoid: occult cliché, tarot props, glowing chakras, neon sci-fi, cyberpunk, horror monster imagery, conspiracy corkboard, readable fake documents, modern consumer electronics unless requested, deformed hands, extra fingers, text artifacts.",K03; K04,16:9,YES,GENERATE
IMG26,EP01,4,MAIN,EP01_V_038,"Cinematic investigative documentary reconstruction, late-20th-century research atmosphere, deep blue-black and graphite shadows, warm practical tungsten lamps, restrained cyan technical accents, tactile paper, brushed metal and glass, realistic optics, subtle film grain, sober mysterious mood, no fantasy magic, no supernatural glow, no text, no logos, no watermark, no synthetic portrait of a named real person, 16:9. Compose one strong documentary still that can hold 5-8 seconds with a subtle push-in. SUBJECT: anonymous 1990s Russian researchers taking notes beside an aluminum spiral apparatus, no named faces. NARRATION BEAT TO MATCH: Informationen über weit entfernte Objekte oder andere Zeitbezüge. Keep the image semantically aligned to this exact beat; do not introduce claims not present in the narration. Avoid: occult cliché, tarot props, glowing chakras, neon sci-fi, cyberpunk, horror monster imagery, conspiracy corkboard, readable fake documents, modern consumer electronics unless requested, deformed hands, extra fingers, text artifacts.",K03; K04,16:9,YES,GENERATE
IMG27,EP01,4,MAIN,EP01_V_040,"Cinematic investigative documentary reconstruction, late-20th-century research atmosphere, deep blue-black and graphite shadows, warm practical tungsten lamps, restrained cyan technical accents, tactile paper, brushed metal and glass, realistic optics, subtle film grain, sober mysterious mood, no fantasy magic, no supernatural glow, no text, no logos, no watermark, no synthetic portrait of a named real person, 16:9. Compose one strong documentary still that can hold 5-8 seconds with a subtle push-in. SUBJECT: restrained visual metaphor of distant information: two separated locations connected by a thin dotted line through darkness, clearly conceptual. NARRATION BEAT TO MATCH: ausdrücklich „distant-information interaction“, menschliche Fernkommunikation und Veränderungen der. Keep the image semantically aligned to this exact beat; do not introduce claims not present in the narration. Avoid: occult cliché, tarot props, glowing chakras, neon sci-fi, cyberpunk, horror monster imagery, conspiracy corkboard, readable fake documents, modern consumer electronics unless requested, deformed hands, extra fingers, text artifacts.",K03; K04,16:9,YES,GENERATE
IMG28,EP01,4,MAIN,EP01_V_041,"Cinematic investigative documentary reconstruction, late-20th-century research atmosphere, deep blue-black and graphite shadows, warm practical tungsten lamps, restrained cyan technical accents, tactile paper, brushed metal and glass, realistic optics, subtle film grain, sober mysterious mood, no fantasy magic, no supernatural glow, no text, no logos, no watermark, no synthetic portrait of a named real person, 16:9. Compose one strong documentary still that can hold 5-8 seconds with a subtle push-in. SUBJECT: adult participant sitting quietly inside a reflective aluminum chamber, eyes closed, restrained documentary realism. NARRATION BEAT TO MATCH: internen Zeitwahrnehmung. Und genau hier entsteht das Bild,. Keep the image semantically aligned to this exact beat; do not introduce claims not present in the narration. Avoid: occult cliché, tarot props, glowing chakras, neon sci-fi, cyberpunk, horror monster imagery, conspiracy corkboard, readable fake documents, modern consumer electronics unless requested, deformed hands, extra fingers, text artifacts.",K03; K04,16:9,YES,GENERATE
IMG29,EP01,4,MAIN,EP01_V_042,"Cinematic investigative documentary reconstruction, late-20th-century research atmosphere, deep blue-black and graphite shadows, warm practical tungsten lamps, restrained cyan technical accents, tactile paper, brushed metal and glass, realistic optics, subtle film grain, sober mysterious mood, no fantasy magic, no supernatural glow, no text, no logos, no watermark, no synthetic portrait of a named real person, 16:9. Compose one strong documentary still that can hold 5-8 seconds with a subtle push-in. SUBJECT: diagram showing ordinary sensory path versus claimed distant-information path, solid line versus dashed line. NARRATION BEAT TO MATCH: das heute mit den Kozyrev-Spiegeln verbunden ist: Aluminium. Keep the image semantically aligned to this exact beat; do not introduce claims not present in the narration. Avoid: occult cliché, tarot props, glowing chakras, neon sci-fi, cyberpunk, horror monster imagery, conspiracy corkboard, readable fake documents, modern consumer electronics unless requested, deformed hands, extra fingers, text artifacts.",K03; K04,16:9,YES,GENERATE
IMG30,EP01,4,MAIN,EP01_V_043,"Cinematic investigative documentary reconstruction, late-20th-century research atmosphere, deep blue-black and graphite shadows, warm practical tungsten lamps, restrained cyan technical accents, tactile paper, brushed metal and glass, realistic optics, subtle film grain, sober mysterious mood, no fantasy magic, no supernatural glow, no text, no logos, no watermark, no synthetic portrait of a named real person, 16:9. Compose one strong documentary still that can hold 5-8 seconds with a subtle push-in. SUBJECT: anonymous 1990s Russian researchers taking notes beside an aluminum spiral apparatus, no named faces. NARRATION BEAT TO MATCH: nicht als gewöhnlicher Reflektor, sondern als eine Art. Keep the image semantically aligned to this exact beat; do not introduce claims not present in the narration. Avoid: occult cliché, tarot props, glowing chakras, neon sci-fi, cyberpunk, horror monster imagery, conspiracy corkboard, readable fake documents, modern consumer electronics unless requested, deformed hands, extra fingers, text artifacts.",K03; K04,16:9,YES,GENERATE
IMG31,EP01,4,MAIN,EP01_V_045,"Cinematic investigative documentary reconstruction, late-20th-century research atmosphere, deep blue-black and graphite shadows, warm practical tungsten lamps, restrained cyan technical accents, tactile paper, brushed metal and glass, realistic optics, subtle film grain, sober mysterious mood, no fantasy magic, no supernatural glow, no text, no logos, no watermark, no synthetic portrait of a named real person, 16:9. Compose one strong documentary still that can hold 5-8 seconds with a subtle push-in. SUBJECT: restrained visual metaphor of distant information: two separated locations connected by a thin dotted line through darkness, clearly conceptual. NARRATION BEAT TO MATCH: verstärken soll. Das ist die Ebene, auf der. Keep the image semantically aligned to this exact beat; do not introduce claims not present in the narration. Avoid: occult cliché, tarot props, glowing chakras, neon sci-fi, cyberpunk, horror monster imagery, conspiracy corkboard, readable fake documents, modern consumer electronics unless requested, deformed hands, extra fingers, text artifacts.",K03; K04,16:9,YES,GENERATE
IMG32,EP01,4,MAIN,EP01_V_046,"Cinematic investigative documentary reconstruction, late-20th-century research atmosphere, deep blue-black and graphite shadows, warm practical tungsten lamps, restrained cyan technical accents, tactile paper, brushed metal and glass, realistic optics, subtle film grain, sober mysterious mood, no fantasy magic, no supernatural glow, no text, no logos, no watermark, no synthetic portrait of a named real person, 16:9. Compose one strong documentary still that can hold 5-8 seconds with a subtle push-in. SUBJECT: adult participant sitting quietly inside a reflective aluminum chamber, eyes closed, restrained documentary realism. NARRATION BEAT TO MATCH: aus einer Metallspirale eine Bewusstseinsmaschine wird. Die Behauptung. Keep the image semantically aligned to this exact beat; do not introduce claims not present in the narration. Avoid: occult cliché, tarot props, glowing chakras, neon sci-fi, cyberpunk, horror monster imagery, conspiracy corkboard, readable fake documents, modern consumer electronics unless requested, deformed hands, extra fingers, text artifacts.",K03; K04,16:9,YES,GENERATE
IMG33,EP01,4,MAIN,EP01_V_047,"Cinematic investigative documentary reconstruction, late-20th-century research atmosphere, deep blue-black and graphite shadows, warm practical tungsten lamps, restrained cyan technical accents, tactile paper, brushed metal and glass, realistic optics, subtle film grain, sober mysterious mood, no fantasy magic, no supernatural glow, no text, no logos, no watermark, no synthetic portrait of a named real person, 16:9. Compose one strong documentary still that can hold 5-8 seconds with a subtle push-in. SUBJECT: diagram showing ordinary sensory path versus claimed distant-information path, solid line versus dashed line. NARRATION BEAT TO MATCH: ist faszinierend. Aber sie ist noch kein Beweis.. Keep the image semantically aligned to this exact beat; do not introduce claims not present in the narration. Avoid: occult cliché, tarot props, glowing chakras, neon sci-fi, cyberpunk, horror monster imagery, conspiracy corkboard, readable fake documents, modern consumer electronics unless requested, deformed hands, extra fingers, text artifacts.",K03; K04,16:9,YES,GENERATE
IMG34,EP01,5,MAIN,EP01_V_048,"Cinematic investigative documentary reconstruction, late-20th-century research atmosphere, deep blue-black and graphite shadows, warm practical tungsten lamps, restrained cyan technical accents, tactile paper, brushed metal and glass, realistic optics, subtle film grain, sober mysterious mood, no fantasy magic, no supernatural glow, no text, no logos, no watermark, no synthetic portrait of a named real person, 16:9. Compose one strong documentary still that can hold 5-8 seconds with a subtle push-in. SUBJECT: three-stage evidence diagram: human state change -> exclusion of suggestion/isolation -> verifiable information beyond normal senses. NARRATION BEAT TO MATCH: Nimmt man die Idee der Beteiligten ernst, ohne sie schon zu. Keep the image semantically aligned to this exact beat; do not introduce claims not present in the narration. Avoid: occult cliché, tarot props, glowing chakras, neon sci-fi, cyberpunk, horror monster imagery, conspiracy corkboard, readable fake documents, modern consumer electronics unless requested, deformed hands, extra fingers, text artifacts.",K03,16:9,YES,GENERATE
IMG35,EP01,5,MAIN,EP01_V_049,"Cinematic investigative documentary reconstruction, late-20th-century research atmosphere, deep blue-black and graphite shadows, warm practical tungsten lamps, restrained cyan technical accents, tactile paper, brushed metal and glass, realistic optics, subtle film grain, sober mysterious mood, no fantasy magic, no supernatural glow, no text, no logos, no watermark, no synthetic portrait of a named real person, 16:9. Compose one strong documentary still that can hold 5-8 seconds with a subtle push-in. SUBJECT: adult participant in a plain acoustically quiet metal chamber, neutral expression, no mystical effects. NARRATION BEAT TO MATCH: akzeptieren, müsste die Spirale ungefähr drei Dinge leisten. Erstens: Sie müsste. Keep the image semantically aligned to this exact beat; do not introduce claims not present in the narration. Avoid: occult cliché, tarot props, glowing chakras, neon sci-fi, cyberpunk, horror monster imagery, conspiracy corkboard, readable fake documents, modern consumer electronics unless requested, deformed hands, extra fingers, text artifacts.",K03,16:9,YES,GENERATE
IMG36,EP01,5,MAIN,EP01_V_050,"Cinematic investigative documentary reconstruction, late-20th-century research atmosphere, deep blue-black and graphite shadows, warm practical tungsten lamps, restrained cyan technical accents, tactile paper, brushed metal and glass, realistic optics, subtle film grain, sober mysterious mood, no fantasy magic, no supernatural glow, no text, no logos, no watermark, no synthetic portrait of a named real person, 16:9. Compose one strong documentary still that can hold 5-8 seconds with a subtle push-in. SUBJECT: conceptual contrast between subjective experience and externally verifiable target information. NARRATION BEAT TO MATCH: den Zustand des Menschen im Inneren messbar verändern. Zweitens: Diese. Keep the image semantically aligned to this exact beat; do not introduce claims not present in the narration. Avoid: occult cliché, tarot props, glowing chakras, neon sci-fi, cyberpunk, horror monster imagery, conspiracy corkboard, readable fake documents, modern consumer electronics unless requested, deformed hands, extra fingers, text artifacts.",K03,16:9,YES,GENERATE
IMG37,EP01,5,MAIN,EP01_V_051,"Cinematic investigative documentary reconstruction, late-20th-century research atmosphere, deep blue-black and graphite shadows, warm practical tungsten lamps, restrained cyan technical accents, tactile paper, brushed metal and glass, realistic optics, subtle film grain, sober mysterious mood, no fantasy magic, no supernatural glow, no text, no logos, no watermark, no synthetic portrait of a named real person, 16:9. Compose one strong documentary still that can hold 5-8 seconds with a subtle push-in. SUBJECT: anonymous researcher outside chamber recording time-stamped observations while participant remains isolated. NARRATION BEAT TO MATCH: Veränderung müsste mehr sein als Erwartung, Isolation, ungewöhnliche Akustik, Suggestion oder. Keep the image semantically aligned to this exact beat; do not introduce claims not present in the narration. Avoid: occult cliché, tarot props, glowing chakras, neon sci-fi, cyberpunk, horror monster imagery, conspiracy corkboard, readable fake documents, modern consumer electronics unless requested, deformed hands, extra fingers, text artifacts.",K03,16:9,YES,GENERATE
IMG38,EP01,5,MAIN,EP01_V_052,"Cinematic investigative documentary reconstruction, late-20th-century research atmosphere, deep blue-black and graphite shadows, warm practical tungsten lamps, restrained cyan technical accents, tactile paper, brushed metal and glass, realistic optics, subtle film grain, sober mysterious mood, no fantasy magic, no supernatural glow, no text, no logos, no watermark, no synthetic portrait of a named real person, 16:9. Compose one strong documentary still that can hold 5-8 seconds with a subtle push-in. SUBJECT: clean split diagram EXPERIENCE versus INFORMATION with distinct evidence status lines. NARRATION BEAT TO MATCH: die schlichte Tatsache, dass man in einer seltsamen Metallkammer sitzt. Und. Keep the image semantically aligned to this exact beat; do not introduce claims not present in the narration. Avoid: occult cliché, tarot props, glowing chakras, neon sci-fi, cyberpunk, horror monster imagery, conspiracy corkboard, readable fake documents, modern consumer electronics unless requested, deformed hands, extra fingers, text artifacts.",K03,16:9,YES,GENERATE
IMG39,EP01,5,MAIN,EP01_V_053,"Cinematic investigative documentary reconstruction, late-20th-century research atmosphere, deep blue-black and graphite shadows, warm practical tungsten lamps, restrained cyan technical accents, tactile paper, brushed metal and glass, realistic optics, subtle film grain, sober mysterious mood, no fantasy magic, no supernatural glow, no text, no logos, no watermark, no synthetic portrait of a named real person, 16:9. Compose one strong documentary still that can hold 5-8 seconds with a subtle push-in. SUBJECT: three-stage evidence diagram: human state change -> exclusion of suggestion/isolation -> verifiable information beyond normal senses. NARRATION BEAT TO MATCH: drittens — das ist der entscheidende Sprung — müsste daraus tatsächlich. Keep the image semantically aligned to this exact beat; do not introduce claims not present in the narration. Avoid: occult cliché, tarot props, glowing chakras, neon sci-fi, cyberpunk, horror monster imagery, conspiracy corkboard, readable fake documents, modern consumer electronics unless requested, deformed hands, extra fingers, text artifacts.",K03,16:9,YES,GENERATE
IMG40,EP01,5,MAIN,EP01_V_054,"Cinematic investigative documentary reconstruction, late-20th-century research atmosphere, deep blue-black and graphite shadows, warm practical tungsten lamps, restrained cyan technical accents, tactile paper, brushed metal and glass, realistic optics, subtle film grain, sober mysterious mood, no fantasy magic, no supernatural glow, no text, no logos, no watermark, no synthetic portrait of a named real person, 16:9. Compose one strong documentary still that can hold 5-8 seconds with a subtle push-in. SUBJECT: adult participant in a plain acoustically quiet metal chamber, neutral expression, no mystical effects. NARRATION BEAT TO MATCH: Information entstehen, die der Mensch auf normalem Sinnesweg nicht haben kann.. Keep the image semantically aligned to this exact beat; do not introduce claims not present in the narration. Avoid: occult cliché, tarot props, glowing chakras, neon sci-fi, cyberpunk, horror monster imagery, conspiracy corkboard, readable fake documents, modern consumer electronics unless requested, deformed hands, extra fingers, text artifacts.",K03,16:9,YES,GENERATE
IMG41,EP01,5,MAIN,EP01_V_055,"Cinematic investigative documentary reconstruction, late-20th-century research atmosphere, deep blue-black and graphite shadows, warm practical tungsten lamps, restrained cyan technical accents, tactile paper, brushed metal and glass, realistic optics, subtle film grain, sober mysterious mood, no fantasy magic, no supernatural glow, no text, no logos, no watermark, no synthetic portrait of a named real person, 16:9. Compose one strong documentary still that can hold 5-8 seconds with a subtle push-in. SUBJECT: conceptual contrast between subjective experience and externally verifiable target information. NARRATION BEAT TO MATCH: Genau an dieser dritten Stufe entscheidet sich die ganze Geschichte. Denn. Keep the image semantically aligned to this exact beat; do not introduce claims not present in the narration. Avoid: occult cliché, tarot props, glowing chakras, neon sci-fi, cyberpunk, horror monster imagery, conspiracy corkboard, readable fake documents, modern consumer electronics unless requested, deformed hands, extra fingers, text artifacts.",K03,16:9,YES,GENERATE
IMG42,EP01,5,MAIN,EP01_V_056,"Cinematic investigative documentary reconstruction, late-20th-century research atmosphere, deep blue-black and graphite shadows, warm practical tungsten lamps, restrained cyan technical accents, tactile paper, brushed metal and glass, realistic optics, subtle film grain, sober mysterious mood, no fantasy magic, no supernatural glow, no text, no logos, no watermark, no synthetic portrait of a named real person, 16:9. Compose one strong documentary still that can hold 5-8 seconds with a subtle push-in. SUBJECT: anonymous researcher outside chamber recording time-stamped observations while participant remains isolated. NARRATION BEAT TO MATCH: eine ungewöhnliche Erfahrung ist leicht real. Menschen können sich in Dunkelheit,. Keep the image semantically aligned to this exact beat; do not introduce claims not present in the narration. Avoid: occult cliché, tarot props, glowing chakras, neon sci-fi, cyberpunk, horror monster imagery, conspiracy corkboard, readable fake documents, modern consumer electronics unless requested, deformed hands, extra fingers, text artifacts.",K03,16:9,YES,GENERATE
IMG43,EP01,5,MAIN,EP01_V_057,"Cinematic investigative documentary reconstruction, late-20th-century research atmosphere, deep blue-black and graphite shadows, warm practical tungsten lamps, restrained cyan technical accents, tactile paper, brushed metal and glass, realistic optics, subtle film grain, sober mysterious mood, no fantasy magic, no supernatural glow, no text, no logos, no watermark, no synthetic portrait of a named real person, 16:9. Compose one strong documentary still that can hold 5-8 seconds with a subtle push-in. SUBJECT: clean split diagram EXPERIENCE versus INFORMATION with distinct evidence status lines. NARRATION BEAT TO MATCH: Stille, Meditation oder sensorisch monotonen Räumen sehr ungewöhnlich fühlen. Aber. Keep the image semantically aligned to this exact beat; do not introduce claims not present in the narration. Avoid: occult cliché, tarot props, glowing chakras, neon sci-fi, cyberpunk, horror monster imagery, conspiracy corkboard, readable fake documents, modern consumer electronics unless requested, deformed hands, extra fingers, text artifacts.",K03,16:9,YES,GENERATE
IMG44,EP01,5,MAIN,EP01_V_058,"Cinematic investigative documentary reconstruction, late-20th-century research atmosphere, deep blue-black and graphite shadows, warm practical tungsten lamps, restrained cyan technical accents, tactile paper, brushed metal and glass, realistic optics, subtle film grain, sober mysterious mood, no fantasy magic, no supernatural glow, no text, no logos, no watermark, no synthetic portrait of a named real person, 16:9. Compose one strong documentary still that can hold 5-8 seconds with a subtle push-in. SUBJECT: three-stage evidence diagram: human state change -> exclusion of suggestion/isolation -> verifiable information beyond normal senses. NARRATION BEAT TO MATCH: „Ich hatte ein starkes Erlebnis“ ist etwas anderes als „Ich erhielt. Keep the image semantically aligned to this exact beat; do not introduce claims not present in the narration. Avoid: occult cliché, tarot props, glowing chakras, neon sci-fi, cyberpunk, horror monster imagery, conspiracy corkboard, readable fake documents, modern consumer electronics unless requested, deformed hands, extra fingers, text artifacts.",K03,16:9,YES,GENERATE
IMG45,EP01,5,MAIN,EP01_V_059,"Cinematic investigative documentary reconstruction, late-20th-century research atmosphere, deep blue-black and graphite shadows, warm practical tungsten lamps, restrained cyan technical accents, tactile paper, brushed metal and glass, realistic optics, subtle film grain, sober mysterious mood, no fantasy magic, no supernatural glow, no text, no logos, no watermark, no synthetic portrait of a named real person, 16:9. Compose one strong documentary still that can hold 5-8 seconds with a subtle push-in. SUBJECT: adult participant in a plain acoustically quiet metal chamber, neutral expression, no mystical effects. NARRATION BEAT TO MATCH: überprüfbare Information aus einer anderen Zeit oder von einem entfernten Ort“.. Keep the image semantically aligned to this exact beat; do not introduce claims not present in the narration. Avoid: occult cliché, tarot props, glowing chakras, neon sci-fi, cyberpunk, horror monster imagery, conspiracy corkboard, readable fake documents, modern consumer electronics unless requested, deformed hands, extra fingers, text artifacts.",K03,16:9,YES,GENERATE
IMG46,EP01,6,MAIN,EP01_V_060,"Cinematic investigative documentary reconstruction, late-20th-century research atmosphere, deep blue-black and graphite shadows, warm practical tungsten lamps, restrained cyan technical accents, tactile paper, brushed metal and glass, realistic optics, subtle film grain, sober mysterious mood, no fantasy magic, no supernatural glow, no text, no logos, no watermark, no synthetic portrait of a named real person, 16:9. Compose one strong documentary still that can hold 5-8 seconds with a subtle push-in. SUBJECT: double-blind test protocol diagram with computer random target, isolated participant, independent scoring, replication lab. NARRATION BEAT TO MATCH: An diesem Punkt bekommt die Geschichte ein Problem — und genau dadurch. Keep the image semantically aligned to this exact beat; do not introduce claims not present in the narration. Avoid: occult cliché, tarot props, glowing chakras, neon sci-fi, cyberpunk, horror monster imagery, conspiracy corkboard, readable fake documents, modern consumer electronics unless requested, deformed hands, extra fingers, text artifacts.",K03,16:9,YES,GENERATE
IMG47,EP01,6,MAIN,EP01_V_061,"Cinematic investigative documentary reconstruction, late-20th-century research atmosphere, deep blue-black and graphite shadows, warm practical tungsten lamps, restrained cyan technical accents, tactile paper, brushed metal and glass, realistic optics, subtle film grain, sober mysterious mood, no fantasy magic, no supernatural glow, no text, no logos, no watermark, no synthetic portrait of a named real person, 16:9. Compose one strong documentary still that can hold 5-8 seconds with a subtle push-in. SUBJECT: modern neutral test room reconstructed for a hypothetical rigorous experiment, researcher separated from participant. NARRATION BEAT TO MATCH: wird sie interessanter. Wenn die Spiegel wirklich Fern- oder Zeitinformation zugänglich machen, wäre. Keep the image semantically aligned to this exact beat; do not introduce claims not present in the narration. Avoid: occult cliché, tarot props, glowing chakras, neon sci-fi, cyberpunk, horror monster imagery, conspiracy corkboard, readable fake documents, modern consumer electronics unless requested, deformed hands, extra fingers, text artifacts.",K03,16:9,YES,GENERATE
IMG48,EP01,6,MAIN,EP01_V_062,"Cinematic investigative documentary reconstruction, late-20th-century research atmosphere, deep blue-black and graphite shadows, warm practical tungsten lamps, restrained cyan technical accents, tactile paper, brushed metal and glass, realistic optics, subtle film grain, sober mysterious mood, no fantasy magic, no supernatural glow, no text, no logos, no watermark, no synthetic portrait of a named real person, 16:9. Compose one strong documentary still that can hold 5-8 seconds with a subtle push-in. SUBJECT: sealed envelope and randomized target image workflow on a laboratory desk, no readable fake text. NARRATION BEAT TO MATCH: der Test überraschend einfach zu formulieren. Ein Computer wählt nach dem Beginn. Keep the image semantically aligned to this exact beat; do not introduce claims not present in the narration. Avoid: occult cliché, tarot props, glowing chakras, neon sci-fi, cyberpunk, horror monster imagery, conspiracy corkboard, readable fake documents, modern consumer electronics unless requested, deformed hands, extra fingers, text artifacts.",K03,16:9,YES,GENERATE
IMG49,EP01,6,MAIN,EP01_V_063,"Cinematic investigative documentary reconstruction, late-20th-century research atmosphere, deep blue-black and graphite shadows, warm practical tungsten lamps, restrained cyan technical accents, tactile paper, brushed metal and glass, realistic optics, subtle film grain, sober mysterious mood, no fantasy magic, no supernatural glow, no text, no logos, no watermark, no synthetic portrait of a named real person, 16:9. Compose one strong documentary still that can hold 5-8 seconds with a subtle push-in. SUBJECT: pre-registration and replication chain represented as clean procedural nodes, no logos. NARRATION BEAT TO MATCH: der Sitzung zufällig ein Zielbild. Niemand im Raum kennt es. Der Proband beschreibt. Keep the image semantically aligned to this exact beat; do not introduce claims not present in the narration. Avoid: occult cliché, tarot props, glowing chakras, neon sci-fi, cyberpunk, horror monster imagery, conspiracy corkboard, readable fake documents, modern consumer electronics unless requested, deformed hands, extra fingers, text artifacts.",K03,16:9,YES,GENERATE
IMG50,EP01,6,MAIN,EP01_V_064,"Cinematic investigative documentary reconstruction, late-20th-century research atmosphere, deep blue-black and graphite shadows, warm practical tungsten lamps, restrained cyan technical accents, tactile paper, brushed metal and glass, realistic optics, subtle film grain, sober mysterious mood, no fantasy magic, no supernatural glow, no text, no logos, no watermark, no synthetic portrait of a named real person, 16:9. Compose one strong documentary still that can hold 5-8 seconds with a subtle push-in. SUBJECT: two independent anonymous laboratories repeating the same mirror test, matched composition left and right. NARRATION BEAT TO MATCH: oder zeichnet, was er wahrnimmt. Bewertung und Reihenfolge werden vorab festgelegt. Danach. Keep the image semantically aligned to this exact beat; do not introduce claims not present in the narration. Avoid: occult cliché, tarot props, glowing chakras, neon sci-fi, cyberpunk, horror monster imagery, conspiracy corkboard, readable fake documents, modern consumer electronics unless requested, deformed hands, extra fingers, text artifacts.",K03,16:9,YES,GENERATE
IMG51,EP01,6,MAIN,EP01_V_065,"Cinematic investigative documentary reconstruction, late-20th-century research atmosphere, deep blue-black and graphite shadows, warm practical tungsten lamps, restrained cyan technical accents, tactile paper, brushed metal and glass, realistic optics, subtle film grain, sober mysterious mood, no fantasy magic, no supernatural glow, no text, no logos, no watermark, no synthetic portrait of a named real person, 16:9. Compose one strong documentary still that can hold 5-8 seconds with a subtle push-in. SUBJECT: double-blind test protocol diagram with computer random target, isolated participant, independent scoring, replication lab. NARRATION BEAT TO MATCH: wiederholt ein unabhängiges Labor denselben Versuch. Eine Apparatur mit so großem Anspruch braucht. Keep the image semantically aligned to this exact beat; do not introduce claims not present in the narration. Avoid: occult cliché, tarot props, glowing chakras, neon sci-fi, cyberpunk, horror monster imagery, conspiracy corkboard, readable fake documents, modern consumer electronics unless requested, deformed hands, extra fingers, text artifacts.",K03,16:9,YES,GENERATE
IMG52,EP01,6,MAIN,EP01_V_066,"Cinematic investigative documentary reconstruction, late-20th-century research atmosphere, deep blue-black and graphite shadows, warm practical tungsten lamps, restrained cyan technical accents, tactile paper, brushed metal and glass, realistic optics, subtle film grain, sober mysterious mood, no fantasy magic, no supernatural glow, no text, no logos, no watermark, no synthetic portrait of a named real person, 16:9. Compose one strong documentary still that can hold 5-8 seconds with a subtle push-in. SUBJECT: modern neutral test room reconstructed for a hypothetical rigorous experiment, researcher separated from participant. NARRATION BEAT TO MATCH: nicht unbedingt eine fertige Theorie darüber, wie sie funktioniert. Sie braucht zuerst. Keep the image semantically aligned to this exact beat; do not introduce claims not present in the narration. Avoid: occult cliché, tarot props, glowing chakras, neon sci-fi, cyberpunk, horror monster imagery, conspiracy corkboard, readable fake documents, modern consumer electronics unless requested, deformed hands, extra fingers, text artifacts.",K03,16:9,YES,GENERATE
IMG53,EP01,6,MAIN,EP01_V_067,"Cinematic investigative documentary reconstruction, late-20th-century research atmosphere, deep blue-black and graphite shadows, warm practical tungsten lamps, restrained cyan technical accents, tactile paper, brushed metal and glass, realistic optics, subtle film grain, sober mysterious mood, no fantasy magic, no supernatural glow, no text, no logos, no watermark, no synthetic portrait of a named real person, 16:9. Compose one strong documentary still that can hold 5-8 seconds with a subtle push-in. SUBJECT: sealed envelope and randomized target image workflow on a laboratory desk, no readable fake text. NARRATION BEAT TO MATCH: einen Effekt, der außerhalb des eigenen Forschungsumfelds zuverlässig wieder auftaucht. In den Quellen,. Keep the image semantically aligned to this exact beat; do not introduce claims not present in the narration. Avoid: occult cliché, tarot props, glowing chakras, neon sci-fi, cyberpunk, horror monster imagery, conspiracy corkboard, readable fake documents, modern consumer electronics unless requested, deformed hands, extra fingers, text artifacts.",K03,16:9,YES,GENERATE
IMG54,EP01,6,MAIN,EP01_V_068,"Cinematic investigative documentary reconstruction, late-20th-century research atmosphere, deep blue-black and graphite shadows, warm practical tungsten lamps, restrained cyan technical accents, tactile paper, brushed metal and glass, realistic optics, subtle film grain, sober mysterious mood, no fantasy magic, no supernatural glow, no text, no logos, no watermark, no synthetic portrait of a named real person, 16:9. Compose one strong documentary still that can hold 5-8 seconds with a subtle push-in. SUBJECT: pre-registration and replication chain represented as clean procedural nodes, no logos. NARRATION BEAT TO MATCH: die wir für diese Produktion geprüft haben, finden sich reale Patente und. Keep the image semantically aligned to this exact beat; do not introduce claims not present in the narration. Avoid: occult cliché, tarot props, glowing chakras, neon sci-fi, cyberpunk, horror monster imagery, conspiracy corkboard, readable fake documents, modern consumer electronics unless requested, deformed hands, extra fingers, text artifacts.",K03,16:9,YES,GENERATE
IMG55,EP01,6,MAIN,EP01_V_069,"Cinematic investigative documentary reconstruction, late-20th-century research atmosphere, deep blue-black and graphite shadows, warm practical tungsten lamps, restrained cyan technical accents, tactile paper, brushed metal and glass, realistic optics, subtle film grain, sober mysterious mood, no fantasy magic, no supernatural glow, no text, no logos, no watermark, no synthetic portrait of a named real person, 16:9. Compose one strong documentary still that can hold 5-8 seconds with a subtle push-in. SUBJECT: two independent anonymous laboratories repeating the same mirror test, matched composition left and right. NARRATION BEAT TO MATCH: Veröffentlichungen der beteiligten Forscher über ihre eigenen Experimente. Was wir bislang nicht finden,. Keep the image semantically aligned to this exact beat; do not introduce claims not present in the narration. Avoid: occult cliché, tarot props, glowing chakras, neon sci-fi, cyberpunk, horror monster imagery, conspiracy corkboard, readable fake documents, modern consumer electronics unless requested, deformed hands, extra fingers, text artifacts.",K03,16:9,YES,GENERATE
IMG56,EP01,6,MAIN,EP01_V_070,"Cinematic investigative documentary reconstruction, late-20th-century research atmosphere, deep blue-black and graphite shadows, warm practical tungsten lamps, restrained cyan technical accents, tactile paper, brushed metal and glass, realistic optics, subtle film grain, sober mysterious mood, no fantasy magic, no supernatural glow, no text, no logos, no watermark, no synthetic portrait of a named real person, 16:9. Compose one strong documentary still that can hold 5-8 seconds with a subtle push-in. SUBJECT: double-blind test protocol diagram with computer random target, isolated participant, independent scoring, replication lab. NARRATION BEAT TO MATCH: ist eine unabhängige Replikationskette, die die außergewöhnliche Fern- oder Zeitinformation überzeugend bestätigt.. Keep the image semantically aligned to this exact beat; do not introduce claims not present in the narration. Avoid: occult cliché, tarot props, glowing chakras, neon sci-fi, cyberpunk, horror monster imagery, conspiracy corkboard, readable fake documents, modern consumer electronics unless requested, deformed hands, extra fingers, text artifacts.",K03,16:9,YES,GENERATE
IMG57,EP01,6,MAIN,EP01_V_071,"Cinematic investigative documentary reconstruction, late-20th-century research atmosphere, deep blue-black and graphite shadows, warm practical tungsten lamps, restrained cyan technical accents, tactile paper, brushed metal and glass, realistic optics, subtle film grain, sober mysterious mood, no fantasy magic, no supernatural glow, no text, no logos, no watermark, no synthetic portrait of a named real person, 16:9. Compose one strong documentary still that can hold 5-8 seconds with a subtle push-in. SUBJECT: modern neutral test room reconstructed for a hypothetical rigorous experiment, researcher separated from participant. NARRATION BEAT TO MATCH: Das ist keine Widerlegung der gesamten Erlebniswelt im Spiegel. Es ist eine präzise. Keep the image semantically aligned to this exact beat; do not introduce claims not present in the narration. Avoid: occult cliché, tarot props, glowing chakras, neon sci-fi, cyberpunk, horror monster imagery, conspiracy corkboard, readable fake documents, modern consumer electronics unless requested, deformed hands, extra fingers, text artifacts.",K03,16:9,YES,GENERATE
IMG58,EP01,6,MAIN,EP01_V_072,"Cinematic investigative documentary reconstruction, late-20th-century research atmosphere, deep blue-black and graphite shadows, warm practical tungsten lamps, restrained cyan technical accents, tactile paper, brushed metal and glass, realistic optics, subtle film grain, sober mysterious mood, no fantasy magic, no supernatural glow, no text, no logos, no watermark, no synthetic portrait of a named real person, 16:9. Compose one strong documentary still that can hold 5-8 seconds with a subtle push-in. SUBJECT: sealed envelope and randomized target image workflow on a laboratory desk, no readable fake text. NARRATION BEAT TO MATCH: Grenze: Der außergewöhnlichste Teil der Geschichte bleibt auf der Ebene der Behauptung.. Keep the image semantically aligned to this exact beat; do not introduce claims not present in the narration. Avoid: occult cliché, tarot props, glowing chakras, neon sci-fi, cyberpunk, horror monster imagery, conspiracy corkboard, readable fake documents, modern consumer electronics unless requested, deformed hands, extra fingers, text artifacts.",K03,16:9,YES,GENERATE
IMG59,EP01,7,MAIN,EP01_V_074,"Cinematic investigative documentary reconstruction, late-20th-century research atmosphere, deep blue-black and graphite shadows, warm practical tungsten lamps, restrained cyan technical accents, tactile paper, brushed metal and glass, realistic optics, subtle film grain, sober mysterious mood, no fantasy magic, no supernatural glow, no text, no logos, no watermark, no synthetic portrait of a named real person, 16:9. Compose one strong documentary still that can hold 5-8 seconds with a subtle push-in. SUBJECT: graphic statement PATENT ≠ EFFECT PROOF rendered by editor, not image model. NARRATION BEAT TO MATCH: ständig laufen. Ein Patent wirkt wie ein amtlicher. Keep the image semantically aligned to this exact beat; do not introduce claims not present in the narration. Avoid: occult cliché, tarot props, glowing chakras, neon sci-fi, cyberpunk, horror monster imagery, conspiracy corkboard, readable fake documents, modern consumer electronics unless requested, deformed hands, extra fingers, text artifacts.",K04; K03; K02,16:9,YES,GENERATE
IMG60,EP01,7,MAIN,EP01_V_075,"Cinematic investigative documentary reconstruction, late-20th-century research atmosphere, deep blue-black and graphite shadows, warm practical tungsten lamps, restrained cyan technical accents, tactile paper, brushed metal and glass, realistic optics, subtle film grain, sober mysterious mood, no fantasy magic, no supernatural glow, no text, no logos, no watermark, no synthetic portrait of a named real person, 16:9. Compose one strong documentary still that can hold 5-8 seconds with a subtle push-in. SUBJECT: anonymous patent examiner desk atmosphere with engineering drawings and metal prototype parts, no official seals/logos. NARRATION BEAT TO MATCH: Stempel unter einer Theorie. Aber ein Patent ist kein. Keep the image semantically aligned to this exact beat; do not introduce claims not present in the narration. Avoid: occult cliché, tarot props, glowing chakras, neon sci-fi, cyberpunk, horror monster imagery, conspiracy corkboard, readable fake documents, modern consumer electronics unless requested, deformed hands, extra fingers, text artifacts.",K04; K03; K02,16:9,YES,GENERATE
IMG61,EP01,7,MAIN,EP01_V_076,"Cinematic investigative documentary reconstruction, late-20th-century research atmosphere, deep blue-black and graphite shadows, warm practical tungsten lamps, restrained cyan technical accents, tactile paper, brushed metal and glass, realistic optics, subtle film grain, sober mysterious mood, no fantasy magic, no supernatural glow, no text, no logos, no watermark, no synthetic portrait of a named real person, 16:9. Compose one strong documentary still that can hold 5-8 seconds with a subtle push-in. SUBJECT: diagram: patent proves claimed construction/documentation, not physical efficacy. NARRATION BEAT TO MATCH: klinischer oder physikalischer Wirksamkeitsnachweis. Es dokumentiert, dass eine. Keep the image semantically aligned to this exact beat; do not introduce claims not present in the narration. Avoid: occult cliché, tarot props, glowing chakras, neon sci-fi, cyberpunk, horror monster imagery, conspiracy corkboard, readable fake documents, modern consumer electronics unless requested, deformed hands, extra fingers, text artifacts.",K04; K03; K02,16:9,YES,GENERATE
IMG62,EP01,7,MAIN,EP01_V_079,"Cinematic investigative documentary reconstruction, late-20th-century research atmosphere, deep blue-black and graphite shadows, warm practical tungsten lamps, restrained cyan technical accents, tactile paper, brushed metal and glass, realistic optics, subtle film grain, sober mysterious mood, no fantasy magic, no supernatural glow, no text, no logos, no watermark, no synthetic portrait of a named real person, 16:9. Compose one strong documentary still that can hold 5-8 seconds with a subtle push-in. SUBJECT: graphic statement PATENT ≠ EFFECT PROOF rendered by editor, not image model. NARRATION BEAT TO MATCH: und welche Wirkung die Erfinder ihr zuschrieben. Das. Keep the image semantically aligned to this exact beat; do not introduce claims not present in the narration. Avoid: occult cliché, tarot props, glowing chakras, neon sci-fi, cyberpunk, horror monster imagery, conspiracy corkboard, readable fake documents, modern consumer electronics unless requested, deformed hands, extra fingers, text artifacts.",K04; K03; K02,16:9,YES,GENERATE
IMG63,EP01,7,MAIN,EP01_V_080,"Cinematic investigative documentary reconstruction, late-20th-century research atmosphere, deep blue-black and graphite shadows, warm practical tungsten lamps, restrained cyan technical accents, tactile paper, brushed metal and glass, realistic optics, subtle film grain, sober mysterious mood, no fantasy magic, no supernatural glow, no text, no logos, no watermark, no synthetic portrait of a named real person, 16:9. Compose one strong documentary still that can hold 5-8 seconds with a subtle push-in. SUBJECT: anonymous patent examiner desk atmosphere with engineering drawings and metal prototype parts, no official seals/logos. NARRATION BEAT TO MATCH: macht das Patent für unsere Geschichte extrem wertvoll —. Keep the image semantically aligned to this exact beat; do not introduce claims not present in the narration. Avoid: occult cliché, tarot props, glowing chakras, neon sci-fi, cyberpunk, horror monster imagery, conspiracy corkboard, readable fake documents, modern consumer electronics unless requested, deformed hands, extra fingers, text artifacts.",K04; K03; K02,16:9,YES,GENERATE
IMG64,EP01,7,MAIN,EP01_V_081,"Cinematic investigative documentary reconstruction, late-20th-century research atmosphere, deep blue-black and graphite shadows, warm practical tungsten lamps, restrained cyan technical accents, tactile paper, brushed metal and glass, realistic optics, subtle film grain, sober mysterious mood, no fantasy magic, no supernatural glow, no text, no logos, no watermark, no synthetic portrait of a named real person, 16:9. Compose one strong documentary still that can hold 5-8 seconds with a subtle push-in. SUBJECT: diagram: patent proves claimed construction/documentation, not physical efficacy. NARRATION BEAT TO MATCH: nur aus einem anderen Grund. Es beweist nicht, dass. Keep the image semantically aligned to this exact beat; do not introduce claims not present in the narration. Avoid: occult cliché, tarot props, glowing chakras, neon sci-fi, cyberpunk, horror monster imagery, conspiracy corkboard, readable fake documents, modern consumer electronics unless requested, deformed hands, extra fingers, text artifacts.",K04; K03; K02,16:9,YES,GENERATE
IMG65,EP01,7,MAIN,EP01_V_084,"Cinematic investigative documentary reconstruction, late-20th-century research atmosphere, deep blue-black and graphite shadows, warm practical tungsten lamps, restrained cyan technical accents, tactile paper, brushed metal and glass, realistic optics, subtle film grain, sober mysterious mood, no fantasy magic, no supernatural glow, no text, no logos, no watermark, no synthetic portrait of a named real person, 16:9. Compose one strong documentary still that can hold 5-8 seconds with a subtle push-in. SUBJECT: graphic statement PATENT ≠ EFFECT PROOF rendered by editor, not image model. NARRATION BEAT TO MATCH: sie Material, Maße, Fokuspunkte, Drehrichtung und Anwendung in. Keep the image semantically aligned to this exact beat; do not introduce claims not present in the narration. Avoid: occult cliché, tarot props, glowing chakras, neon sci-fi, cyberpunk, horror monster imagery, conspiracy corkboard, readable fake documents, modern consumer electronics unless requested, deformed hands, extra fingers, text artifacts.",K04; K03; K02,16:9,YES,GENERATE
IMG66,EP01,7,MAIN,EP01_V_085,"Cinematic investigative documentary reconstruction, late-20th-century research atmosphere, deep blue-black and graphite shadows, warm practical tungsten lamps, restrained cyan technical accents, tactile paper, brushed metal and glass, realistic optics, subtle film grain, sober mysterious mood, no fantasy magic, no supernatural glow, no text, no logos, no watermark, no synthetic portrait of a named real person, 16:9. Compose one strong documentary still that can hold 5-8 seconds with a subtle push-in. SUBJECT: anonymous patent examiner desk atmosphere with engineering drawings and metal prototype parts, no official seals/logos. NARRATION BEAT TO MATCH: ein technisches Schutzrecht übersetzten. Das Unsichtbare bekam plötzlich Schrauben.. Keep the image semantically aligned to this exact beat; do not introduce claims not present in the narration. Avoid: occult cliché, tarot props, glowing chakras, neon sci-fi, cyberpunk, horror monster imagery, conspiracy corkboard, readable fake documents, modern consumer electronics unless requested, deformed hands, extra fingers, text artifacts.",K04; K03; K02,16:9,YES,GENERATE
IMG67,EP01,8,MAIN,EP01_V_086,"Cinematic investigative documentary reconstruction, late-20th-century research atmosphere, deep blue-black and graphite shadows, warm practical tungsten lamps, restrained cyan technical accents, tactile paper, brushed metal and glass, realistic optics, subtle film grain, sober mysterious mood, no fantasy magic, no supernatural glow, no text, no logos, no watermark, no synthetic portrait of a named real person, 16:9. Compose one strong documentary still that can hold 5-8 seconds with a subtle push-in. SUBJECT: four-column evidence board: BELEGT / BEHAUPTET / VERMUTET / OFFEN. NARRATION BEAT TO MATCH: Also: Was bleibt übrig, wenn man die Geschichte auseinanderzieht? Belegt ist. Keep the image semantically aligned to this exact beat; do not introduce claims not present in the narration. Avoid: occult cliché, tarot props, glowing chakras, neon sci-fi, cyberpunk, horror monster imagery, conspiracy corkboard, readable fake documents, modern consumer electronics unless requested, deformed hands, extra fingers, text artifacts.",K03; K01,16:9,YES,GENERATE
IMG68,EP01,8,MAIN,EP01_V_088,"Cinematic investigative documentary reconstruction, late-20th-century research atmosphere, deep blue-black and graphite shadows, warm practical tungsten lamps, restrained cyan technical accents, tactile paper, brushed metal and glass, realistic optics, subtle film grain, sober mysterious mood, no fantasy magic, no supernatural glow, no text, no logos, no watermark, no synthetic portrait of a named real person, 16:9. Compose one strong documentary still that can hold 5-8 seconds with a subtle push-in. SUBJECT: empty reflective chamber after experiment, chair centered, quiet unresolved mood. NARRATION BEAT TO MATCH: bis zu 2,80 Meter hoch, als Zylinder oder Spirale montierbar. Belegt. Keep the image semantically aligned to this exact beat; do not introduce claims not present in the narration. Avoid: occult cliché, tarot props, glowing chakras, neon sci-fi, cyberpunk, horror monster imagery, conspiracy corkboard, readable fake documents, modern consumer electronics unless requested, deformed hands, extra fingers, text artifacts.",K03; K01,16:9,YES,GENERATE
IMG69,EP01,8,MAIN,EP01_V_089,"Cinematic investigative documentary reconstruction, late-20th-century research atmosphere, deep blue-black and graphite shadows, warm practical tungsten lamps, restrained cyan technical accents, tactile paper, brushed metal and glass, realistic optics, subtle film grain, sober mysterious mood, no fantasy magic, no supernatural glow, no text, no logos, no watermark, no synthetic portrait of a named real person, 16:9. Compose one strong documentary still that can hold 5-8 seconds with a subtle push-in. SUBJECT: a thin dotted line disappearing before reaching a distant target, visual metaphor for unresolved evidence. NARRATION BEAT TO MATCH: ist auch, dass ihre eigenen Texte den Raum mit ungewöhnlichen Informations-. Keep the image semantically aligned to this exact beat; do not introduce claims not present in the narration. Avoid: occult cliché, tarot props, glowing chakras, neon sci-fi, cyberpunk, horror monster imagery, conspiracy corkboard, readable fake documents, modern consumer electronics unless requested, deformed hands, extra fingers, text artifacts.",K03; K01,16:9,YES,GENERATE
IMG70,EP01,8,MAIN,EP01_V_090,"Cinematic investigative documentary reconstruction, late-20th-century research atmosphere, deep blue-black and graphite shadows, warm practical tungsten lamps, restrained cyan technical accents, tactile paper, brushed metal and glass, realistic optics, subtle film grain, sober mysterious mood, no fantasy magic, no supernatural glow, no text, no logos, no watermark, no synthetic portrait of a named real person, 16:9. Compose one strong documentary still that can hold 5-8 seconds with a subtle push-in. SUBJECT: final residue card showing what remains factual versus open, minimal graphic. NARRATION BEAT TO MATCH: und Wahrnehmungsideen verbanden. Behauptet sind die außergewöhnlichen Erfahrungen und Fern-Informationsphänomene, die. Keep the image semantically aligned to this exact beat; do not introduce claims not present in the narration. Avoid: occult cliché, tarot props, glowing chakras, neon sci-fi, cyberpunk, horror monster imagery, conspiracy corkboard, readable fake documents, modern consumer electronics unless requested, deformed hands, extra fingers, text artifacts.",K03; K01,16:9,YES,GENERATE
IMG71,EP01,8,MAIN,EP01_V_091,"Cinematic investigative documentary reconstruction, late-20th-century research atmosphere, deep blue-black and graphite shadows, warm practical tungsten lamps, restrained cyan technical accents, tactile paper, brushed metal and glass, realistic optics, subtle film grain, sober mysterious mood, no fantasy magic, no supernatural glow, no text, no logos, no watermark, no synthetic portrait of a named real person, 16:9. Compose one strong documentary still that can hold 5-8 seconds with a subtle push-in. SUBJECT: four-column evidence board: BELEGT / BEHAUPTET / VERMUTET / OFFEN. NARRATION BEAT TO MATCH: diesem „Kozyrev-Raum“ zugeschrieben wurden. Offen bleibt, ob davon unter unabhängigen,. Keep the image semantically aligned to this exact beat; do not introduce claims not present in the narration. Avoid: occult cliché, tarot props, glowing chakras, neon sci-fi, cyberpunk, horror monster imagery, conspiracy corkboard, readable fake documents, modern consumer electronics unless requested, deformed hands, extra fingers, text artifacts.",K03; K01,16:9,YES,GENERATE
IMG72,EP01,8,MAIN,EP01_V_093,"Cinematic investigative documentary reconstruction, late-20th-century research atmosphere, deep blue-black and graphite shadows, warm practical tungsten lamps, restrained cyan technical accents, tactile paper, brushed metal and glass, realistic optics, subtle film grain, sober mysterious mood, no fantasy magic, no supernatural glow, no text, no logos, no watermark, no synthetic portrait of a named real person, 16:9. Compose one strong documentary still that can hold 5-8 seconds with a subtle push-in. SUBJECT: empty reflective chamber after experiment, chair centered, quiet unresolved mood. NARRATION BEAT TO MATCH: Und noch etwas ist sicher: Nikolai Kozyrev selbst hat diese patentierte. Keep the image semantically aligned to this exact beat; do not introduce claims not present in the narration. Avoid: occult cliché, tarot props, glowing chakras, neon sci-fi, cyberpunk, horror monster imagery, conspiracy corkboard, readable fake documents, modern consumer electronics unless requested, deformed hands, extra fingers, text artifacts.",K03; K01,16:9,YES,GENERATE
IMG73,EP01,8,MAIN,EP01_V_094,"Cinematic investigative documentary reconstruction, late-20th-century research atmosphere, deep blue-black and graphite shadows, warm practical tungsten lamps, restrained cyan technical accents, tactile paper, brushed metal and glass, realistic optics, subtle film grain, sober mysterious mood, no fantasy magic, no supernatural glow, no text, no logos, no watermark, no synthetic portrait of a named real person, 16:9. Compose one strong documentary still that can hold 5-8 seconds with a subtle push-in. SUBJECT: a thin dotted line disappearing before reaching a distant target, visual metaphor for unresolved evidence. NARRATION BEAT TO MATCH: Maschine nicht gebaut. Sein Name wurde zum Gravitationszentrum einer späteren Idee.. Keep the image semantically aligned to this exact beat; do not introduce claims not present in the narration. Avoid: occult cliché, tarot props, glowing chakras, neon sci-fi, cyberpunk, horror monster imagery, conspiracy corkboard, readable fake documents, modern consumer electronics unless requested, deformed hands, extra fingers, text artifacts.",K03; K01,16:9,YES,GENERATE
IMG74,EP01,8,MAIN,EP01_V_095,"Cinematic investigative documentary reconstruction, late-20th-century research atmosphere, deep blue-black and graphite shadows, warm practical tungsten lamps, restrained cyan technical accents, tactile paper, brushed metal and glass, realistic optics, subtle film grain, sober mysterious mood, no fantasy magic, no supernatural glow, no text, no logos, no watermark, no synthetic portrait of a named real person, 16:9. Compose one strong documentary still that can hold 5-8 seconds with a subtle push-in. SUBJECT: final residue card showing what remains factual versus open, minimal graphic. NARRATION BEAT TO MATCH: Die Aluminiumspirale ist also kein Internetmythos. Was sie mit Zeit zu. Keep the image semantically aligned to this exact beat; do not introduce claims not present in the narration. Avoid: occult cliché, tarot props, glowing chakras, neon sci-fi, cyberpunk, horror monster imagery, conspiracy corkboard, readable fake documents, modern consumer electronics unless requested, deformed hands, extra fingers, text artifacts.",K03; K01,16:9,YES,GENERATE
IMG75,EP01,8,MAIN,EP01_V_096,"Cinematic investigative documentary reconstruction, late-20th-century research atmosphere, deep blue-black and graphite shadows, warm practical tungsten lamps, restrained cyan technical accents, tactile paper, brushed metal and glass, realistic optics, subtle film grain, sober mysterious mood, no fantasy magic, no supernatural glow, no text, no logos, no watermark, no synthetic portrait of a named real person, 16:9. Compose one strong documentary still that can hold 5-8 seconds with a subtle push-in. SUBJECT: four-column evidence board: BELEGT / BEHAUPTET / VERMUTET / OFFEN. NARRATION BEAT TO MATCH: tun hat, ist der Teil, den ihre bloße Existenz nicht beweist.. Keep the image semantically aligned to this exact beat; do not introduce claims not present in the narration. Avoid: occult cliché, tarot props, glowing chakras, neon sci-fi, cyberpunk, horror monster imagery, conspiracy corkboard, readable fake documents, modern consumer electronics unless requested, deformed hands, extra fingers, text artifacts.",K03; K01,16:9,YES,GENERATE
IMG76,EP01,1,RESERVE,EP01_V_003,"Cinematic investigative documentary reconstruction, late-20th-century research atmosphere, deep blue-black and graphite shadows, warm practical tungsten lamps, restrained cyan technical accents, tactile paper, brushed metal and glass, realistic optics, subtle film grain, sober mysterious mood, no fantasy magic, no supernatural glow, no text, no logos, no watermark, no synthetic portrait of a named real person, 16:9. Alternative reserve: tighter detail/close angle, same factual staging and era. SUBJECT: clean engineering cutaway of curved aluminum plates forming a spiral around a seated human silhouette. NARRATION BEAT TO MATCH: Zentrum. Heute kennt man diese Konstruktionen als Kozyrev-Spiegel. Und das Merkwürdige ist nicht nur die Geschichte,. Keep the image semantically aligned to this exact beat; do not introduce claims not present in the narration. Avoid: occult cliché, tarot props, glowing chakras, neon sci-fi, cyberpunk, horror monster imagery, conspiracy corkboard, readable fake documents, modern consumer electronics unless requested, deformed hands, extra fingers, text artifacts.",K04; K05; K03,16:9,YES,GENERATE_IF_NEEDED
IMG77,EP01,2,RESERVE,EP01_V_009,"Cinematic investigative documentary reconstruction, late-20th-century research atmosphere, deep blue-black and graphite shadows, warm practical tungsten lamps, restrained cyan technical accents, tactile paper, brushed metal and glass, realistic optics, subtle film grain, sober mysterious mood, no fantasy magic, no supernatural glow, no text, no logos, no watermark, no synthetic portrait of a named real person, 16:9. Alternative reserve: wider environmental angle, same factual staging and era. SUBJECT: minimal chronological timeline 1908-1983-1996-1998 with portrait and patent milestones. NARRATION BEAT TO MATCH: Astronom und Astrophysiker. Er starb 1983 — mehr als ein Jahrzehnt bevor. Keep the image semantically aligned to this exact beat; do not introduce claims not present in the narration. Avoid: occult cliché, tarot props, glowing chakras, neon sci-fi, cyberpunk, horror monster imagery, conspiracy corkboard, readable fake documents, modern consumer electronics unless requested, deformed hands, extra fingers, text artifacts.",K01; K07; K06,16:9,YES,GENERATE_IF_NEEDED
IMG78,EP01,2,RESERVE,EP01_V_014,"Cinematic investigative documentary reconstruction, late-20th-century research atmosphere, deep blue-black and graphite shadows, warm practical tungsten lamps, restrained cyan technical accents, tactile paper, brushed metal and glass, realistic optics, subtle film grain, sober mysterious mood, no fantasy magic, no supernatural glow, no text, no logos, no watermark, no synthetic portrait of a named real person, 16:9. Alternative reserve: overhead or top-down composition, same factual staging and era. SUBJECT: minimal chronological timeline 1908-1983-1996-1998 with portrait and patent milestones. NARRATION BEAT TO MATCH: er sie wie etwas, das physikalisch wirksam sein könnte — etwas, dessen. Keep the image semantically aligned to this exact beat; do not introduce claims not present in the narration. Avoid: occult cliché, tarot props, glowing chakras, neon sci-fi, cyberpunk, horror monster imagery, conspiracy corkboard, readable fake documents, modern consumer electronics unless requested, deformed hands, extra fingers, text artifacts.",K01; K07; K06,16:9,YES,GENERATE_IF_NEEDED
IMG79,EP01,2,RESERVE,EP01_V_019,"Cinematic investigative documentary reconstruction, late-20th-century research atmosphere, deep blue-black and graphite shadows, warm practical tungsten lamps, restrained cyan technical accents, tactile paper, brushed metal and glass, realistic optics, subtle film grain, sober mysterious mood, no fantasy magic, no supernatural glow, no text, no logos, no watermark, no synthetic portrait of a named real person, 16:9. Alternative reserve: tighter detail/close angle, same factual staging and era. SUBJECT: minimal chronological timeline 1908-1983-1996-1998 with portrait and patent milestones. NARRATION BEAT TO MATCH: die heute sogenannten Kozyrev-Spiegel. Für diese Folge trennen wir sie wieder auseinander.. Keep the image semantically aligned to this exact beat; do not introduce claims not present in the narration. Avoid: occult cliché, tarot props, glowing chakras, neon sci-fi, cyberpunk, horror monster imagery, conspiracy corkboard, readable fake documents, modern consumer electronics unless requested, deformed hands, extra fingers, text artifacts.",K01; K07; K06,16:9,YES,GENERATE_IF_NEEDED
IMG80,EP01,3,RESERVE,EP01_V_023,"Cinematic investigative documentary reconstruction, late-20th-century research atmosphere, deep blue-black and graphite shadows, warm practical tungsten lamps, restrained cyan technical accents, tactile paper, brushed metal and glass, realistic optics, subtle film grain, sober mysterious mood, no fantasy magic, no supernatural glow, no text, no logos, no watermark, no synthetic portrait of a named real person, 16:9. Alternative reserve: wider environmental angle, same factual staging and era. SUBJECT: macro view of motorized circular base, steel fasteners and aluminum panels, plausible engineering detail. NARRATION BEAT TO MATCH: ungefähr fünfzig Zentimeter vor der Arbeitsfläche erzeugen. Vier bis zehn dieser. Keep the image semantically aligned to this exact beat; do not introduce claims not present in the narration. Avoid: occult cliché, tarot props, glowing chakras, neon sci-fi, cyberpunk, horror monster imagery, conspiracy corkboard, readable fake documents, modern consumer electronics unless requested, deformed hands, extra fingers, text artifacts.",K04; K05; K03,16:9,YES,GENERATE_IF_NEEDED
IMG81,EP01,3,RESERVE,EP01_V_027,"Cinematic investigative documentary reconstruction, late-20th-century research atmosphere, deep blue-black and graphite shadows, warm practical tungsten lamps, restrained cyan technical accents, tactile paper, brushed metal and glass, realistic optics, subtle film grain, sober mysterious mood, no fantasy magic, no supernatural glow, no text, no logos, no watermark, no synthetic portrait of a named real person, 16:9. Alternative reserve: overhead or top-down composition, same factual staging and era. SUBJECT: photoreal reconstruction of four-to-ten curved aluminum elements assembled into an open cylinder or spiral. NARRATION BEAT TO MATCH: New-Age-Diagramm. Es sind Maße, Schrauben, Platten, Krümmungsradien und ein Platz, an. Keep the image semantically aligned to this exact beat; do not introduce claims not present in the narration. Avoid: occult cliché, tarot props, glowing chakras, neon sci-fi, cyberpunk, horror monster imagery, conspiracy corkboard, readable fake documents, modern consumer electronics unless requested, deformed hands, extra fingers, text artifacts.",K04; K05; K03,16:9,YES,GENERATE_IF_NEEDED
IMG82,EP01,3,RESERVE,EP01_V_031,"Cinematic investigative documentary reconstruction, late-20th-century research atmosphere, deep blue-black and graphite shadows, warm practical tungsten lamps, restrained cyan technical accents, tactile paper, brushed metal and glass, realistic optics, subtle film grain, sober mysterious mood, no fantasy magic, no supernatural glow, no text, no logos, no watermark, no synthetic portrait of a named real person, 16:9. Alternative reserve: tighter detail/close angle, same factual staging and era. SUBJECT: precise vector reconstruction of plate height 2.80m, width 1.20m, curved focus point 50cm forward. NARRATION BEAT TO MATCH: Behandlungen sollten sogar an Neu- und Vollmond sowie an magneto-ionosphärischen Bedingungen. Keep the image semantically aligned to this exact beat; do not introduce claims not present in the narration. Avoid: occult cliché, tarot props, glowing chakras, neon sci-fi, cyberpunk, horror monster imagery, conspiracy corkboard, readable fake documents, modern consumer electronics unless requested, deformed hands, extra fingers, text artifacts.",K04; K05; K03,16:9,YES,GENERATE_IF_NEEDED
IMG83,EP01,4,RESERVE,EP01_V_035,"Cinematic investigative documentary reconstruction, late-20th-century research atmosphere, deep blue-black and graphite shadows, warm practical tungsten lamps, restrained cyan technical accents, tactile paper, brushed metal and glass, realistic optics, subtle film grain, sober mysterious mood, no fantasy magic, no supernatural glow, no text, no logos, no watermark, no synthetic portrait of a named real person, 16:9. Alternative reserve: wider environmental angle, same factual staging and era. SUBJECT: restrained visual metaphor of distant information: two separated locations connected by a thin dotted line through darkness, clearly conceptual. NARRATION BEAT TO MATCH: und Trofimov taucht ein deutlich größerer Anspruch auf.. Keep the image semantically aligned to this exact beat; do not introduce claims not present in the narration. Avoid: occult cliché, tarot props, glowing chakras, neon sci-fi, cyberpunk, horror monster imagery, conspiracy corkboard, readable fake documents, modern consumer electronics unless requested, deformed hands, extra fingers, text artifacts.",K03; K04,16:9,YES,GENERATE_IF_NEEDED
IMG84,EP01,4,RESERVE,EP01_V_038,"Cinematic investigative documentary reconstruction, late-20th-century research atmosphere, deep blue-black and graphite shadows, warm practical tungsten lamps, restrained cyan technical accents, tactile paper, brushed metal and glass, realistic optics, subtle film grain, sober mysterious mood, no fantasy magic, no supernatural glow, no text, no logos, no watermark, no synthetic portrait of a named real person, 16:9. Alternative reserve: overhead or top-down composition, same factual staging and era. SUBJECT: anonymous 1990s Russian researchers taking notes beside an aluminum spiral apparatus, no named faces. NARRATION BEAT TO MATCH: Informationen über weit entfernte Objekte oder andere Zeitbezüge. Keep the image semantically aligned to this exact beat; do not introduce claims not present in the narration. Avoid: occult cliché, tarot props, glowing chakras, neon sci-fi, cyberpunk, horror monster imagery, conspiracy corkboard, readable fake documents, modern consumer electronics unless requested, deformed hands, extra fingers, text artifacts.",K03; K04,16:9,YES,GENERATE_IF_NEEDED
IMG85,EP01,4,RESERVE,EP01_V_042,"Cinematic investigative documentary reconstruction, late-20th-century research atmosphere, deep blue-black and graphite shadows, warm practical tungsten lamps, restrained cyan technical accents, tactile paper, brushed metal and glass, realistic optics, subtle film grain, sober mysterious mood, no fantasy magic, no supernatural glow, no text, no logos, no watermark, no synthetic portrait of a named real person, 16:9. Alternative reserve: tighter detail/close angle, same factual staging and era. SUBJECT: diagram showing ordinary sensory path versus claimed distant-information path, solid line versus dashed line. NARRATION BEAT TO MATCH: das heute mit den Kozyrev-Spiegeln verbunden ist: Aluminium. Keep the image semantically aligned to this exact beat; do not introduce claims not present in the narration. Avoid: occult cliché, tarot props, glowing chakras, neon sci-fi, cyberpunk, horror monster imagery, conspiracy corkboard, readable fake documents, modern consumer electronics unless requested, deformed hands, extra fingers, text artifacts.",K03; K04,16:9,YES,GENERATE_IF_NEEDED
IMG86,EP01,4,RESERVE,EP01_V_046,"Cinematic investigative documentary reconstruction, late-20th-century research atmosphere, deep blue-black and graphite shadows, warm practical tungsten lamps, restrained cyan technical accents, tactile paper, brushed metal and glass, realistic optics, subtle film grain, sober mysterious mood, no fantasy magic, no supernatural glow, no text, no logos, no watermark, no synthetic portrait of a named real person, 16:9. Alternative reserve: wider environmental angle, same factual staging and era. SUBJECT: adult participant sitting quietly inside a reflective aluminum chamber, eyes closed, restrained documentary realism. NARRATION BEAT TO MATCH: aus einer Metallspirale eine Bewusstseinsmaschine wird. Die Behauptung. Keep the image semantically aligned to this exact beat; do not introduce claims not present in the narration. Avoid: occult cliché, tarot props, glowing chakras, neon sci-fi, cyberpunk, horror monster imagery, conspiracy corkboard, readable fake documents, modern consumer electronics unless requested, deformed hands, extra fingers, text artifacts.",K03; K04,16:9,YES,GENERATE_IF_NEEDED
IMG87,EP01,5,RESERVE,EP01_V_049,"Cinematic investigative documentary reconstruction, late-20th-century research atmosphere, deep blue-black and graphite shadows, warm practical tungsten lamps, restrained cyan technical accents, tactile paper, brushed metal and glass, realistic optics, subtle film grain, sober mysterious mood, no fantasy magic, no supernatural glow, no text, no logos, no watermark, no synthetic portrait of a named real person, 16:9. Alternative reserve: overhead or top-down composition, same factual staging and era. SUBJECT: adult participant in a plain acoustically quiet metal chamber, neutral expression, no mystical effects. NARRATION BEAT TO MATCH: akzeptieren, müsste die Spirale ungefähr drei Dinge leisten. Erstens: Sie müsste. Keep the image semantically aligned to this exact beat; do not introduce claims not present in the narration. Avoid: occult cliché, tarot props, glowing chakras, neon sci-fi, cyberpunk, horror monster imagery, conspiracy corkboard, readable fake documents, modern consumer electronics unless requested, deformed hands, extra fingers, text artifacts.",K03,16:9,YES,GENERATE_IF_NEEDED
IMG88,EP01,5,RESERVE,EP01_V_052,"Cinematic investigative documentary reconstruction, late-20th-century research atmosphere, deep blue-black and graphite shadows, warm practical tungsten lamps, restrained cyan technical accents, tactile paper, brushed metal and glass, realistic optics, subtle film grain, sober mysterious mood, no fantasy magic, no supernatural glow, no text, no logos, no watermark, no synthetic portrait of a named real person, 16:9. Alternative reserve: tighter detail/close angle, same factual staging and era. SUBJECT: clean split diagram EXPERIENCE versus INFORMATION with distinct evidence status lines. NARRATION BEAT TO MATCH: die schlichte Tatsache, dass man in einer seltsamen Metallkammer sitzt. Und. Keep the image semantically aligned to this exact beat; do not introduce claims not present in the narration. Avoid: occult cliché, tarot props, glowing chakras, neon sci-fi, cyberpunk, horror monster imagery, conspiracy corkboard, readable fake documents, modern consumer electronics unless requested, deformed hands, extra fingers, text artifacts.",K03,16:9,YES,GENERATE_IF_NEEDED
IMG89,EP01,5,RESERVE,EP01_V_055,"Cinematic investigative documentary reconstruction, late-20th-century research atmosphere, deep blue-black and graphite shadows, warm practical tungsten lamps, restrained cyan technical accents, tactile paper, brushed metal and glass, realistic optics, subtle film grain, sober mysterious mood, no fantasy magic, no supernatural glow, no text, no logos, no watermark, no synthetic portrait of a named real person, 16:9. Alternative reserve: wider environmental angle, same factual staging and era. SUBJECT: conceptual contrast between subjective experience and externally verifiable target information. NARRATION BEAT TO MATCH: Genau an dieser dritten Stufe entscheidet sich die ganze Geschichte. Denn. Keep the image semantically aligned to this exact beat; do not introduce claims not present in the narration. Avoid: occult cliché, tarot props, glowing chakras, neon sci-fi, cyberpunk, horror monster imagery, conspiracy corkboard, readable fake documents, modern consumer electronics unless requested, deformed hands, extra fingers, text artifacts.",K03,16:9,YES,GENERATE_IF_NEEDED
IMG90,EP01,5,RESERVE,EP01_V_058,"Cinematic investigative documentary reconstruction, late-20th-century research atmosphere, deep blue-black and graphite shadows, warm practical tungsten lamps, restrained cyan technical accents, tactile paper, brushed metal and glass, realistic optics, subtle film grain, sober mysterious mood, no fantasy magic, no supernatural glow, no text, no logos, no watermark, no synthetic portrait of a named real person, 16:9. Alternative reserve: overhead or top-down composition, same factual staging and era. SUBJECT: three-stage evidence diagram: human state change -> exclusion of suggestion/isolation -> verifiable information beyond normal senses. NARRATION BEAT TO MATCH: „Ich hatte ein starkes Erlebnis“ ist etwas anderes als „Ich erhielt. Keep the image semantically aligned to this exact beat; do not introduce claims not present in the narration. Avoid: occult cliché, tarot props, glowing chakras, neon sci-fi, cyberpunk, horror monster imagery, conspiracy corkboard, readable fake documents, modern consumer electronics unless requested, deformed hands, extra fingers, text artifacts.",K03,16:9,YES,GENERATE_IF_NEEDED
